"Taxa";"Prevalence";"Taxonomic level";"Null_model";"iGLM.fit";"GAM.fit";"SVM.fit";"RF.fit";"chGLM.fit";"hGLM.fit";"ANN.fit";"expl.pow_iGLM.fit";"expl.pow_GAM.fit";"expl.pow_SVM.fit";"expl.pow_RF.fit";"expl.pow_chGLM.fit";"expl.pow_hGLM.fit";"expl.pow_ANN.fit";"iGLM.pred";"GAM.pred";"SVM.pred";"RF.pred";"chGLM.pred";"hGLM.pred";"ANN.pred";"expl.pow_iGLM.pred";"expl.pow_GAM.pred";"expl.pow_SVM.pred";"expl.pow_RF.pred";"expl.pow_chGLM.pred";"expl.pow_hGLM.pred";"expl.pow_ANN.pred";"iGLM.likelihood.ratio";"GAM.likelihood.ratio";"SVM.likelihood.ratio";"RF.likelihood.ratio";"chGLM.likelihood.ratio";"hGLM.likelihood.ratio";"ANN.likelihood.ratio";"Big.model.diff";"Big.pred.expl.pow.diff";"CF0.model.diff";"CF0.pred.expl.pow.diff"
"Occurrence.Simuliidae";0.923019709929342;"family";0.542663038656323;0.484117570880143;0.451003081789097;0.476186910272357;0.153700456004866;0.491644465569888;0.49102679273472;0.445519996642691;0.107885489900221;0.168907683659797;0.122499827053942;0.716766307899943;0.0940151981103425;0.0951534234751991;0.179011716468043;0.498716207513883;0.501818123386522;0.530956397831578;0.516360498310071;0.500124848009602;0.506814388419001;0.522476695465423;0.0809836454888402;0.0752675460833602;0.0215725781761941;0.0484693787352444;0.0783878532653502;0.0660606079346888;0.0371986698060057;0.99272725700718;0.97491253392941;0.972986818874358;0.834160022812772;0.995768785698501;0.992137276361793;0.962252537848151;"iGLM-SVM";0.0594110673126461;NA;NA
"Occurrence.Limoniidae";0.865005578281889;"family";0.791543597715128;0.736479992440512;0.694281692182961;0.716042021938058;0.235319737904324;0.743105340552424;0.741465386798494;0.66635811767231;0.0695648419538273;0.122876245620486;0.0953852396696947;0.702707799565812;0.0611946799930243;0.0632665226036697;0.158153613274341;0.755881269649338;0.751980363569866;0.774394659575085;0.771681147827804;0.759958107697201;0.767396987156762;0.74401410377299;0.0450541551580143;0.0499823815889173;0.0216651845704331;0.0250933112776853;0.0399036643200729;0.0305057240410616;0.0600465900796077;0.990346260816296;0.971562833280594;0.971245200562274;0.764769570959551;0.991609018889638;0.987117893698152;0.961916151180362;"ANN-SVM";0.0383814055091746;NA;NA
"Occurrence.Limnephilidae";0.822238750464857;"family";0.935963459055595;0.869159630700393;0.821324762803013;0.812208939218862;0.296467085768463;0.87413226311368;0.871897101739279;0.785303795301862;0.0713743979093032;0.122482021219348;0.132221529205428;0.683249294723959;0.0660615490313097;0.068449635182297;0.160967463308612;0.881181956172198;0.867142947002834;0.898142937912441;0.878522664630415;0.883507357647074;0.88294112731113;0.881087926390634;0.058529531632221;0.0735290586260733;0.0404081171943564;0.0613707659945814;0.0560450313535217;0.0566500019113631;0.0586299947225842;0.994006868155851;0.977351328691805;0.95794300229023;0.747494905271386;0.995323422136433;0.994493205501933;0.953236668606071;"GAM-SVM";0.0331209414317169;NA;NA
"Occurrence.Rhyacophilidae";0.805875790256601;"family";0.984296306063927;0.887209304969914;0.845033339393648;0.850146372486696;0.286920105094884;0.895958258983269;0.894967082601972;0.793034417336938;0.098635949861735;0.141484800676712;0.136290193055462;0.708502304308913;0.0897474129857405;0.0907544028273064;0.194313325721825;0.903315547047975;0.892973930618696;0.921949175998965;0.897942486547022;0.907492112766869;0.909043292104477;0.913836216392804;0.0822727450230745;0.0927793540244168;0.0633418307890231;0.0877315285904329;0.0780295453959269;0.0764536181796484;0.0715842264540073;0.991979218470648;0.976314710157637;0.964735410011106;0.736746660053311;0.994249669911577;0.992986604704762;0.9413870562976;"GAM-SVM";0.0294375232353937;NA;NA
"Occurrence.Elmidae";0.764968389735961;"family";1.09056995358128;0.694225372485437;0.644005430820386;0.641198554849391;0.206844643840407;0.706207076561817;0.701612070435699;0.589942836686303;0.363428847268625;0.409478109399987;0.412051879163016;0.810333447055682;0.352442203049212;0.356655601842226;0.459050898340805;0.705472382325103;0.673073169941123;0.718978729569509;0.669210429802456;0.717013371629386;0.710081087404108;0.71065928876542;0.353115882196799;0.382824395875896;0.340731213794692;0.386366342108672;0.342533352147825;0.348889922125306;0.348359739389744;0.994392277386142;0.985571237302559;0.96185642351534;0.793594309932563;0.994611423213407;0.99577444440536;0.94142722942436;"RF-SVM";0.0456351283139802;NA;NA
"Occurrence.Gammaridae";0.732986240238007;"family";1.16053196633123;0.631059079800641;0.551354872179206;0.555152968413383;0.159245694825641;0.642250606612711;0.641203280199657;0.503628449880124;0.456232918946992;0.5249119471287;0.521639227079304;0.862782155558315;0.446589473409297;0.447491927148994;0.566036555225415;0.646699514884265;0.598807977729666;0.634197435779225;0.561204947814304;0.654359785509732;0.647851478879456;0.654722751397693;0.442755965672653;0.484022848915858;0.453528679796644;0.516424394936375;0.436155311104142;0.44176334846898;0.435842552904892;0.992210280806367;0.976552708879246;0.961248581656834;0.817929095467171;0.993963702642532;0.996681419361714;0.927236009621844;"RF-ANN";0.0805818420314828;NA;NA
"Occurrence.Heptageniidae";0.7244328746746;"family";1.17743548541178;0.966327002609184;0.918426249409331;0.859913391228194;0.283050449320848;0.973353704715405;0.973427977571875;0.830501898149398;0.179295159198272;0.219977433338414;0.269672604671451;0.75960428165467;0.173327356976171;0.173264276784186;0.29465188671552;0.981034053346778;0.970318630801438;0.988797448207742;0.931136644807086;0.988558633056993;0.986491712346375;0.998220531259316;0.166804410516233;0.17590505567098;0.160210932608397;0.209182450891193;0.160413759135802;0.162169201991251;0.152207875822421;0.992673445647701;0.974387519312322;0.937590466221903;0.723219072598364;0.992426361465063;0.993489418886942;0.919560613950752;"RF-ANN";0.0569745750687725;NA;NA
"Occurrence.Nemouridae";0.707698029007066;"family";1.2083999653351;0.836155520218288;0.783606843340172;0.786626674255851;0.277084872292837;0.840289872681951;0.840171129621557;0.721790264070445;0.30804738149226;0.351533543678257;0.34903451107125;0.770701025950462;0.304626037084561;0.304724301784826;0.402689271122014;0.853888997133993;0.856163694647624;0.892976521472611;0.816451412250801;0.858879192597883;0.858336355812291;0.913452364259767;0.293372209840143;0.291489805355796;0.261025697542968;0.324353330294586;0.289242620625444;0.289691840090161;0.244081106865594;0.991172455142244;0.964371750265195;0.948214132936946;0.763621317834498;0.990748401875594;0.990958509241354;0.908617513944586;"RF-ANN";0.0802722234289921;NA;NA
"Occurrence.Empididae";0.688359985124582;"family";1.24081318179951;1.21446155274241;1.16377530812193;1.12774684915268;0.44147636031483;1.22021943278433;1.21719896829563;1.09015057300572;0.0212373864524002;0.0620866015993305;0.0911227687659279;0.644204005251968;0.0165969779474089;0.0190312400369915;0.121422476005044;1.23814828281094;1.21572033370662;1.2160816976834;1.19702997345222;1.24805014756202;1.24364037026686;1.22264566282202;0.00214770364118247;0.0202229058015805;0.0199316742269384;0.0352858987875944;-0.00583243784693553;-0.00227849648021981;0.0146416231258476;0.98822649156238;0.974361871727763;0.956793753571121;0.685383456681301;0.986181013666349;0.986866308616939;0.935899158542773;"RF-chGLM";0.0411183366345299;NA;NA
"Occurrence.Hydropsychidae";0.686872443287467;"family";1.24316052010929;0.901542774652449;0.835268672495596;0.84664802504909;0.243379207936135;0.910338680815575;0.90914235117786;0.794845166633805;0.27479777545285;0.328108752663603;0.318955186113328;0.80422543670005;0.267722336665306;0.26868466584031;0.360625475329664;0.922703337452092;0.898034328258703;0.945702634411292;0.868942221356028;0.9207578185623;0.929409476341531;0.937389118116974;0.257776190180996;0.277619974466569;0.239275524669854;0.301021704518387;0.25934116820139;0.252381763008511;0.245962928395953;0.989475492901519;0.969104501828909;0.951679172485384;0.731409703224088;0.994803977396943;0.989917608967565;0.931208591536093;"RF-SVM";0.0617461798485324;NA;NA
"Occurrence.Leuctridae";0.680550390479732;"family";1.25290778493388;0.881949116144434;0.830462578211361;0.834895510322175;0.249998698863774;0.889385208358162;0.88912442116205;0.740998862719318;0.296078189672212;0.337171826851416;0.333633711625284;0.800465204327095;0.290143122221002;0.290351267783867;0.408576695244634;0.899942259340566;0.888052952174197;0.924365037798816;0.836521369181927;0.903018845215176;0.903022832343286;0.931421202260897;0.28171708232457;0.291206453616964;0.262224204435285;0.332336043210016;0.279261525809074;0.27925834350934;0.256592373787467;0.991043776463459;0.971615443581053;0.956251080661672;0.745827204355377;0.99320636337295;0.993074884304375;0.909180922668355;"RF-ANN";0.0757436694225488;NA;NA
"Occurrence.Ceratopogonidae";0.595760505764225;"family";1.34938646630396;1.1912686523765;1.14516858464298;1.0902837807115;0.440440555027476;1.19979655605981;1.20318204381944;1.07831675223099;0.117177560228953;0.151341284917689;0.192015180278309;0.673599397929442;0.110857722364661;0.108348813431476;0.200883676279521;1.21937312188836;1.20619796940545;1.18285591447467;1.17783910334604;1.22265111046354;1.22907528688172;1.21718407435032;0.096349969161699;0.106113778723983;0.12341205131946;0.127129897358318;0.0939207254594463;0.0891599126170178;0.097972223121337;0.986046037043556;0.969946181143452;0.954768795388656;0.691633371206181;0.988637766138415;0.987136825466307;0.932922020390023;"RF-hGLM";0.0379699847413005;NA;NA
"Occurrence.Psychodidae";0.517664559315731;"family";1.3850459547219;1.32454607428346;1.27245170969292;1.20353905612041;0.511662269001875;1.3285218505301;1.33006228095532;1.21074256021509;0.0436807748018606;0.0812927864560156;0.131047564149548;0.630581016277824;0.0408102734779989;0.039698086246977;0.125846650728498;1.35221081260469;1.33227476749624;1.29945785410658;1.31452296628379;1.34754309460628;1.34951227193323;1.33732282560801;0.0237068972370717;0.0381006760430969;0.0617944121807193;0.0509174357700432;0.0270769789173912;0.0256552374074829;0.0344559896739805;0.98626285847742;0.970531393728759;0.953172486054589;0.669361940044936;0.99053446089225;0.990322139360527;0.93867109500218;"SVM-iGLM";0.0380875149436476;NA;NA
"Occurrence.Leptophlebiidae";0.450353291186315;"family";1.37641891352558;1.16794958400482;1.10987448668764;1.03753444181542;0.359367933621203;1.17379631999945;1.1728608267471;1.04435692718845;0.151457762947173;0.19365065694659;0.246207363456042;0.738910930320833;0.147209974764969;0.147889632130292;0.241250670907003;1.18400102940064;1.15356203169963;1.16693170233254;1.08368499478749;1.18349035583987;1.19640123775717;1.18671747699338;0.139796018664174;0.161910650628248;0.152197277394611;0.21267792520249;0.140167034752186;0.130786982073143;0.137822457006415;0.992006397427988;0.978393075010259;0.937349909714805;0.696171994540966;0.995164709915155;0.988298792391991;0.931293988060734;"RF-hGLM";0.0818909431293469;NA;NA
"Occurrence.Sphaeriidae";0.428783934548159;"family";1.36593829332975;1.04531761828707;0.994705198976993;0.958730851660062;0.361223037783858;1.05208643816492;1.05090585598781;0.907185203547422;0.234725592369989;0.271778817656399;0.298115547135764;0.73554951966146;0.229770156307538;0.230634457559562;0.335851986888827;1.05997573992756;1.04548292004378;1.06712581433395;1.04602621610831;1.0683636886009;1.0673082752809;1.03323078950918;0.223994418266397;0.234604575368334;0.218759866719443;0.23420682968159;0.21785362207209;0.218626287517634;0.243574329415369;0.992697731252477;0.974930726225693;0.94724502481592;0.710062993841389;0.99189440372809;0.991832328526136;0.938922072612387;"ANN-chGLM";0.0257207073432795;NA;NA
"Occurrence.Taeniopterygidae";0.440684269245073;"family";1.37218774001095;1.13830779034487;1.06772849980186;0.996808010604322;0.358923570192649;1.14772647120926;1.14308537433702;0.989521840582728;0.170443112736315;0.221878706048389;0.273562952401565;0.738429691705463;0.163579124238421;0.166961385088678;0.278872845362375;1.17577658804909;1.12586299053238;1.11253078979865;1.0618201000284;1.17950817917417;1.18174008784338;1.15815813272616;0.143137229866441;0.179512425520289;0.1892284434856;0.226184530682421;0.140417783382354;0.138791250362032;0.155976912665816;0.981439999218913;0.971351143407925;0.943780756201665;0.703668253355199;0.984234739495122;0.980858219119548;0.919138789178853;"RF-hGLM";0.0873932803203888;NA;NA
"Occurrence.Perlodidae";0.443659352919301;"family";1.37357028038428;1.03399053000064;0.980807137267167;0.969583613547245;0.319098279596742;1.0421328517869;1.04012675948453;0.909174127133604;0.247224153895232;0.285943244933366;0.294114303873853;0.767686965746326;0.241296301565766;0.242756796402482;0.338094205940998;1.0598662031248;1.03564840330523;1.04889365531994;1.00466583836879;1.06178112614893;1.05846915952251;1.05598257880708;0.228385894583945;0.246017172841355;0.236374235596818;0.26857340121853;0.226991773692224;0.229402983860144;0.231213288546362;0.987145497470869;0.972951899744074;0.961120948620082;0.709791666559484;0.990223962014764;0.990870727163813;0.929225137289913;"RF-chGLM";0.0415816275263058;NA;NA
"Occurrence.Athericidae";0.368910375604314;"family";1.31674643300699;1.11217133618135;1.03756272680307;1.00002580767599;0.347323718537366;1.11819640659372;1.11766592213136;0.951033319724346;0.155364078988593;0.212025412946334;0.240532738416248;0.736225813998069;0.150788353350506;0.15119122853517;0.277739968846914;1.12952766980472;1.08571892178772;1.11923435902461;1.03276868238324;1.13014999634;1.13873186764619;1.11204112459041;0.142182851997351;0.175453303254211;0.15000008280359;0.215666238772523;0.141710227565132;0.135192745466016;0.155462967876897;0.991359379787535;0.9762094672694;0.942137286468089;0.709835176321469;0.994041030634523;0.989522304751076;0.92265130299181;"RF-hGLM";0.080473493306507;NA;NA
"Occurrence.Psychomyiidae";0.336184455187802;"family";1.27694430252207;1.10926428783029;1.0400391843104;1.02075918386319;0.368088946156233;1.1176956247061;1.11605209231469;0.954104003009456;0.131313491403345;0.185525020741906;0.200623565297949;0.711742363837462;0.124710746977328;0.125997829262881;0.25282253805039;1.11853238833478;1.07996180703864;1.13036442175174;1.03036372437618;1.12498110127581;1.12276698584637;1.06981472181033;0.124055461052152;0.154260835883269;0.114789564807817;0.193102062211229;0.119005348115902;0.120739265112182;0.162207216323093;0.995376670392231;0.980236596589915;0.946671984629618;0.718106502249644;0.996363888437336;0.996648183156068;0.943786447402453;"RF-SVM";0.078312497403412;NA;NA
"Occurrence.Nematoda";0.335812569728524;"phylum";1.27643766236218;1.2396781814145;1.20597112861762;1.16542550342424;0.510470041387216;1.24669694337298;1.24571418397861;1.16189477494751;0.0287984928928296;0.0552056209420767;0.0869702941328915;0.600082278642156;0.0232997817803038;0.0240697053130758;0.089736373966513;1.25732775617499;1.25346901688852;1.23801724299088;1.28507099889998;1.26040214293528;1.25783018224834;1.22855939296001;0.0149712804241651;0.0179943338800822;0.0300997224574181;-0.00676361783451678;0.0125627125395406;0.0145776645914738;0.0375092891834374;0.991214036767025;0.976530842780574;0.964354927786133;0.678887073132605;0.993170825741611;0.993960313543837;0.96721709122816;"ANN-RF";0.0442729070179541;NA;NA
"Occurrence.Hydraenidae";0.317218296764597;"family";1.24950976125645;1.10559680628303;1.04380303831439;1.02625102867258;0.397044874403083;1.11222993076364;1.10919208615036;0.97494809749949;0.115175534786304;0.164629944735455;0.178677061601643;0.682239477662157;0.109866953223931;0.112298182420751;0.219735509293558;1.13004007410837;1.10531745804744;1.12380659848834;1.10368908269184;1.12822700204937;1.12573937353189;1.11590172622227;0.0956132483734581;0.115399101055457;0.100601985407224;0.11670231244771;0.0970642751002772;0.099055158720888;0.10692836436894;0.987852746928242;0.96971098075599;0.95239274222683;0.702350926794169;0.992033367527137;0.991760488701247;0.931949347116071;"RF-iGLM";0.0210890640742514;NA;NA
"Occurrence.Planariidae";0.326143547787281;"family";1.26282770894167;1.17729708456118;1.12549204380577;1.07889342882222;0.385226060013573;1.18293748328586;1.18419031563109;1.02873515494666;0.0677294485818378;0.108752495818285;0.145652711622553;0.694949629877525;0.0632629653991085;0.0622708804643496;0.185371727542462;1.19390309936569;1.17437285831296;1.17886922471374;1.09909110573415;1.19671487409262;1.19889251089187;1.15351938957028;0.0545795828583347;0.0700450663240799;0.066484512204986;0.12965870328007;0.0523530125138408;0.0506285992911714;0.0865583789438687;0.99173136735995;0.975855841115334;0.951240936400461;0.699819717974333;0.993134977269663;0.992675855602076;0.939514414686973;"RF-hGLM";0.079030103988899;NA;NA
"Occurrence.Sericostomatidae";0.276682781703235;"family";1.17958594850796;1.09292399130654;1.0312647028596;1.01665424249323;0.35443883565633;1.0992497303084;1.10095945305316;0.940464222347724;0.073468115919013;0.125740091966994;0.138126184209655;0.699522670556856;0.0681054384389542;0.0666560122679079;0.202716662115802;1.10729687124256;1.0808516289804;1.09457299407395;1.00238316279139;1.11128781784664;1.10913629928875;1.04502200659336;0.0612834336970835;0.0837025226118076;0.0720701654182508;0.150224564764199;0.0579000883722905;0.0597240491956672;0.114077267608021;0.992839320745484;0.975511370356298;0.961789780302409;0.723270375366588;0.993999034385573;0.995919923105827;0.94906414341632;"RF-chGLM";0.0923244763919081;NA;NA
"Occurrence.Tipulidae";0.274823354406843;"family";1.1759949175073;1.14077729248419;1.12194854838325;1.10208307952517;0.497347031551424;1.1440262853803;1.14518526266572;1.09072346114958;0.029947089480418;0.0459579954976349;0.0628504739959162;0.577084029745955;0.0271843284788712;0.0261987993169899;0.0725100551781792;1.15416559036814;1.16355237252437;1.15839206451129;1.20128633554991;1.15517137179713;1.15918417567618;1.16953036030428;0.0185624332334958;0.0105804411207026;0.0149684771030469;-0.0215064008067537;0.017707173220018;0.0142949102762662;0.00549709620915761;0.993328206960658;0.979412955239595;0.972238151702091;0.703301465445878;0.994442954609702;0.993024982636972;0.961362769491555;"iGLM-RF";0.0400688340402495;NA;NA
"Occurrence.Polycentropodidae";0.256972852361473;"family";1.13973348306801;1.08349468365733;1.00741999234686;0.966204590815429;0.33809397643248;1.0879878410948;1.09012621787909;0.932194972178226;0.0493438161168067;0.116091606227955;0.152253921491771;0.703356985246781;0.045401528288802;0.043525320547205;0.182093896488078;1.09893762016233;1.0650745554617;1.0693392340494;0.981481787616241;1.09707924994419;1.10521031544494;1.04523099956609;0.0357942128679619;0.0655056017178127;0.0617637807999805;0.138849737945554;0.0374247433785958;0.030290561904119;0.0829163000875732;0.992308265704337;0.971584260495762;0.949739709796968;0.72492005034686;0.995464611652463;0.992486321099847;0.945049460510084;"RF-hGLM";0.108559176041435;NA;NA
"Occurrence.Odontoceridae";0.246931944960952;"family";1.11787874294149;1.00684425493184;0.93341114350512;0.953100195984255;0.306953679115537;1.01458837155065;1.0145113465421;0.87009845148627;0.0993260572407755;0.165015750233318;0.147402880677066;0.725414155109662;0.0923985468397453;0.0924674496693579;0.221652207826432;1.02575989538183;0.979927800515455;1.05113485657946;0.953472895060335;1.03386725402468;1.03605616148611;1.026827377647;0.0824050445017568;0.123404209353727;0.0597058373132711;0.147069482194955;0.0751525954378071;0.0731945051930002;0.0814501267417453;0.99058676428856;0.97701006162201;0.952164628259144;0.723785929377981;0.990406869254791;0.989285407122347;0.924627372585006;"RF-SVM";0.0873636448816843;NA;NA
"Occurrence.Dugesiidae";0.223131275567125;"family";1.06168527830838;0.991073384234942;0.947007467338788;0.947299088882704;0.327423103972438;0.995679618587653;0.997345094349333;0.91389392540797;0.0665092523331876;0.108014882858993;0.107740204901339;0.691600598913709;0.0621706461126599;0.0606019366318863;0.139204485472281;1.00236998446509;0.999835513586729;1.03959301926401;0.962589819394905;1.00360722390546;1.00725412009962;0.992707039624443;0.0558689990858692;0.0582562139509021;0.0208086704183937;0.0933378854714568;0.0547036448461088;0.0512686380049363;0.0649705144200989;0.994367621541151;0.973931775847528;0.954901614580022;0.727906001667019;0.996044042837433;0.995057740478951;0.961359782031695;"RF-SVM";0.0725292150530631;NA;NA
"Occurrence.Lymnaeidae";0.216065451840833;"family";1.04376566858319;0.928856497812862;0.886832980249555;0.919640342672172;0.329873937968901;0.932098117009285;0.936340638233907;0.829326537353493;0.110090966036758;0.150352414394558;0.118920682723262;0.68395785768977;0.106985269716219;0.102920639740048;0.205447580509881;0.939175918632747;0.928369714756782;1.00366483965149;0.893250448246312;0.942634564425577;0.939853209040745;0.905704437811645;0.100204244207813;0.110557338011552;0.0384193791180424;0.144204034360687;0.0968906213354246;0.0995553529591504;0.132272247427861;0.994853578031155;0.979445810018939;0.958858035937819;0.754508862134051;0.994745629045229;0.998245255963298;0.962531053244881;"RF-SVM";0.105784655242645;NA;NA
"Occurrence.Erpobdellidae";0.209743399033098;"family";1.02723298994066;0.779540608058158;0.746270565595825;0.763639984620533;0.252163571670211;0.784512719066368;0.786416433790191;0.701572790832815;0.241125805253601;0.273513825097331;0.256604887013371;0.754521540741427;0.236285509958473;0.234432264645612;0.317026616451113;0.799033572461432;0.802435123995936;0.870805165108246;0.77538723943182;0.804699617356055;0.80417444834854;0.808593065586313;0.22214961913598;0.218838246187667;0.152280764309812;0.24516906385901;0.216633786846608;0.217145033090311;0.212843557883572;0.990300860821861;0.972308362755663;0.947827656453797;0.769809779795071;0.989957318761642;0.99116029469909;0.947896331772863;"RF-SVM";0.0928882995491977;NA;NA
"Occurrence.Scirtidae";0.198214949795463;"family";0.995835677331573;0.864971331177863;0.828647379944593;0.855411308311902;0.29200999074189;0.86856789240493;0.868121433226671;0.790525855483492;0.131411586401858;0.167887434837618;0.141011586766955;0.706768900342719;0.127799985302462;0.128248311455483;0.206168373479273;0.882459941462246;0.876531482850171;0.927355395844517;0.8867718736237;0.8825888194903;0.884947024144283;0.889788597453833;0.113849843352798;0.119803093218238;0.0687666479981465;0.109519879826076;0.113720426390755;0.111352360345661;0.106490540850979;0.991293815101419;0.976342285735685;0.964667261569558;0.742761010012299;0.99301405243395;0.991622493077161;0.95158013990431;"GAM-SVM";0.0510364452200916;NA;NA
"Occurrence.Ephemerellidae";0.197471178876906;"family";0.993753370585415;0.804161861969214;0.745086011177227;0.698018121917012;0.224181862791948;0.812891033106082;0.811304498251775;0.678711190833127;0.190783260945836;0.250230456337169;0.297594209410517;0.774408953541578;0.181999219155139;0.183595726801068;0.317022501837351;0.81876173713809;0.808643854684763;0.794090096836214;0.766598610851992;0.826765599529404;0.825544672905157;0.81398865958567;0.17609161249359;0.186273094894365;0.200918336137648;0.22858263071813;0.168037438663116;0.169266039904013;0.180894693110672;0.992726642243576;0.968720721485738;0.953099486831041;0.762457603487502;0.993086724190058;0.992905200442443;0.934598050743766;"RF-chGLM";0.0605451920550141;NA;NA
"Occurrence.Asellidae";0.188174042394942;"family";0.967128897507618;0.729407273139559;0.692462130266522;0.717393258234094;0.229947538166564;0.735488586561155;0.736307758043077;0.647542733386752;0.245801386951305;0.284002233775599;0.258223738239148;0.762236927508669;0.239513379802239;0.238666366044266;0.330448366235844;0.754297797226468;0.747230863146511;0.828070207251623;0.722480197592397;0.746838780719515;0.755296305431049;0.758092618937913;0.22006487535388;0.227372002767992;0.143785063825889;0.252963902273734;0.227777411424486;0.219032429516357;0.216141073964815;0.987631859964149;0.9729871860209;0.946164841068893;0.781714003532793;0.994340975864703;0.990550654622831;0.946224954470658;"RF-SVM";0.109178838447845;NA;NA
"Occurrence.Ephemeridae";0.178133134994422;"family";0.93710166506216;0.802162979172229;0.747640335544621;0.770016930960772;0.227509127663605;0.814913208483052;0.811614525681119;0.694377774961149;0.14399578073632;0.202177988345556;0.178299474145427;0.757220442406839;0.130389755065693;0.133909845707847;0.259015536041023;0.821860386144021;0.802259849419272;0.862396191010476;0.760363612397169;0.832225524593855;0.826512710703513;0.809715203133265;0.122976282312437;0.143892408550938;0.0797197111443919;0.188600724184251;0.111915434982552;0.118011693375139;0.13593665092938;0.99019963616981;0.973059782819124;0.954860874730042;0.766111742175612;0.991381198614617;0.992578583216102;0.943962617160755;"RF-SVM";0.108881013039859;NA;NA
"Occurrence.Chloroperlidae";0.185570844179993;"family";0.959473050927388;0.728895656080984;0.668128493770311;0.758541358301411;0.225226705272548;0.735633400366253;0.738378329162179;0.630932751580854;0.240316697403369;0.303650589118136;0.209418797569942;0.765259998647328;0.233294359174321;0.230433487997925;0.342417433224393;0.769846147984261;0.729576294533406;0.836290412876417;0.722273721860655;0.769884476111869;0.767709212324777;0.72964832792729;0.19763650762243;0.239607309628731;0.128385719569619;0.247218333894282;0.197596560562352;0.199863704788018;0.239532233633825;0.979732948531138;0.969743281867298;0.961871390187519;0.779951525289811;0.983020270614804;0.985441572233431;0.951840511489755;"RF-SVM";0.118832614324663;NA;NA
"Occurrence.Stratiomyidae";0.172182967645965;"family";0.918661513424507;0.864782726047566;0.825436708614595;0.851544218042823;0.33701994300138;0.871787745492839;0.874952054069845;0.800361907270317;0.0586492267169183;0.101478948935606;0.0730598750474374;0.633140239275871;0.0510239813540639;0.047579504219923;0.128773878545541;0.890230266662186;0.868842021609204;0.894755006800872;0.893316169922232;0.88150883338973;0.885295020996408;0.868185030541401;0.030948555422048;0.0542305202594052;0.0260231938252408;0.0275894256283747;0.0404421862588785;0.0363207687929788;0.0549456814566496;0.987356834629694;0.978531151678119;0.978626330319297;0.757184663967758;0.995151249380224;0.994841865635862;0.966656990420564;"ANN-SVM";0.0289224876314088;NA;NA
"Occurrence.Dytiscidae";0.164373373001116;"family";0.8937025840299;0.854695769335524;0.799467822489608;0.789660342485875;0.270568592421355;0.859790578352466;0.860114522659193;0.78400933024598;0.0436463040293399;0.105443089484385;0.116417075885442;0.697249848824088;0.0379455159730179;0.0375830415743581;0.122740222244059;0.869476291249702;0.844485824765492;0.881100016920439;0.854533008331842;0.880164901440682;0.873998480766017;0.856813275433031;0.0271077797167778;0.0550706243261363;0.0141015225139362;0.0438284239052252;0.0151478610794357;0.0220477188004002;0.0412769407362867;0.992636979874493;0.977742436359187;0.955309566889143;0.74678182263077;0.989864551832905;0.993082060822905;0.964252612446328;"GAM-SVM";0.0409691018122;NA;NA
"Occurrence.Hydroptilidae";0.156563778356266;"family";0.867855311158231;0.72201618823988;0.699054213834664;0.765267068333592;0.279140361553387;0.728768561230224;0.727091166216122;0.67347232542732;0.168045434582541;0.194503732538419;0.11820892435137;0.678356106179901;0.160264906073322;0.162197710991993;0.223980867814808;0.738063440665161;0.74413416570396;0.827356910255868;0.810603306642714;0.737099897265947;0.736351968713869;0.759591199776177;0.1495547343253;0.142559645442688;0.0466649225759921;0.0659695271543699;0.150664992437252;0.151526804933484;0.124749033612026;0.992008477156967;0.977712151455026;0.969432024279618;0.766644965084882;0.995842996342032;0.995380302531683;0.957854456212662;"hGLM-SVM";0.104861882357492;NA;NA
"Occurrence.Hydrobiidae";0.137597619933061;"family";0.801156770193558;0.606593295482887;0.566773505137193;0.657534512789128;0.216240505341407;0.611798539131954;0.613414210945078;0.552256756075104;0.242853186728567;0.292556056163313;0.179268606030417;0.730089648634981;0.236356026818391;0.234339353087064;0.31067579202797;0.623842623483673;0.621805279699808;0.709995373287175;0.619863034771827;0.623489567714318;0.627401061843537;0.61976534842633;0.221322659068395;0.223865661711152;0.113787214060937;0.226289962422624;0.221763341569611;0.216881033543587;0.226411894045911;0.991412421720289;0.972859226342474;0.974110599197103;0.81724915713995;0.994171537485835;0.993030971644313;0.966809024131269;"ANN-SVM";0.112624679984974;NA;NA
"Occurrence.Perlidae";0.143175901822239;"family";0.821374086085994;0.608579694413758;0.548059857717727;0.544848107479105;0.186889804431349;0.615049974967149;0.620202787419976;0.516856387145476;0.259071226225607;0.332752436433273;0.336662652610078;0.772466884946523;0.251193840436359;0.244920435248497;0.370741790006553;0.63311654297768;0.605517259523385;0.66083763141878;0.625074590402791;0.63149562335223;0.643683350922675;0.599918245592136;0.229198298677034;0.262799655137902;0.195448648048054;0.238989151238758;0.231171723031307;0.216333505248565;0.269616298158538;0.987806526014766;0.971680044629305;0.943654890316631;0.803247500290249;0.991810890752334;0.988328366444103;0.959319663870488;"ANN-SVM";0.0741676501104832;NA;NA
"Occurrence.Planorbidae";0.13015991074749;"family";0.773381154033002;0.602231036483406;0.569258880853085;0.620240014243985;0.207804949489492;0.608551639510011;0.611436039609105;0.547527512009539;0.22130112255398;0.263934894347331;0.198015091252769;0.731303318673028;0.213128434360527;0.209398837273692;0.292034064763137;0.62160269668864;0.624131893058965;0.720961010493431;0.641430716698093;0.617707289909686;0.63026926782678;0.620887788865159;0.196253110840461;0.192982800519172;0.0677804770212106;0.170615015179537;0.201289963314354;0.185047030768629;0.197177503450434;0.990360926469267;0.972936456119502;0.950886569879937;0.805080598991851;0.995432637071038;0.990627583362826;0.963984427615584;"chGLM-SVM";0.133509486293143;NA;NA
"Occurrence.Glossosomatidae";0.115284492376348;"family";0.714846343977457;0.614807097101433;0.577975005641085;0.631312286865759;0.175925643313265;0.625007104530348;0.618921164969579;0.543511539101836;0.139945105292696;0.191469592716681;0.116855961865747;0.753897260865319;0.12567629421903;0.134189927410335;0.239680605935958;0.63689774506293;0.645200428537622;0.690856432510556;0.644090039380314;0.650675875676682;0.643540204421946;0.64447550730353;0.109042453068746;0.0974278123216242;0.0335595357925725;0.0989811379651881;0.0897681982168734;0.0997503032032848;0.0984419061058342;0.989015451642214;0.966945919214242;0.970666749669611;0.791296770183862;0.987247623931233;0.987765932500884;0.950771057513521;"iGLM-SVM";0.0754829172761739;NA;NA
"Occurrence.Blephariceridae";0.12235031610264;"family";0.743163645502999;0.446357981459315;0.408634270312412;0.530636482380448;0.169397472203572;0.454857437639573;0.45242375608053;0.41914651369906;0.399381301601204;0.450142276489005;0.285976264324267;0.772058989660456;0.38794444481779;0.391219203444332;0.435997015952837;0.470724583829375;0.461316491444171;0.573471100201487;0.46266786229251;0.468694961894213;0.468197782212174;0.466257558892817;0.366593634285256;0.379253150721688;0.22833806030253;0.377434747929092;0.36932469082636;0.369993695136579;0.372604457020717;0.987890614744325;0.974002790293602;0.978810413022224;0.863608968789075;0.993105117403365;0.992144007814127;0.976719743146758;"GAM-SVM";0.150915090419159;NA;NA
"Occurrence.Glossiphoniidae";0.11230940870212;"family";0.702633278087749;0.556103998007649;0.520065887026289;0.544696743233834;0.183842514705259;0.561056781205505;0.564276870864639;0.480182494430286;0.208543040373617;0.25983311174547;0.224778045360658;0.738352109929101;0.201494152493819;0.196911264436057;0.316595855327083;0.584625927344792;0.577051118690643;0.638510595367636;0.569896274210036;0.576723861322216;0.58966018225311;0.593852843603337;0.16795013049214;0.178730730970905;0.0912605262515119;0.188913631075037;0.179196489395154;0.160785290645642;0.154818221505909;0.985840241219006;0.971909470862281;0.954176202389627;0.824459812565645;0.992197062156539;0.987388543721564;0.944749775306368;"RF-SVM";0.0976531048235255;NA;NA
"Occurrence.Capniidae";0.105987355894385;"family";0.676085621104913;0.471152903719693;0.407933047598778;0.434735214131488;0.13413834798198;0.482621727608669;0.486512766742328;0.370737665191618;0.303116515109881;0.396625168670055;0.356982014465847;0.801595620739929;0.286152947876735;0.280397701777433;0.451640955496541;0.509159746067617;0.470837158315636;0.569216150808951;0.456907598008073;0.496026039704714;0.507929230374422;0.462310454778557;0.246900495775214;0.303583534957959;0.158070911375555;0.324186783825756;0.266326595004241;0.248720554736362;0.316195404329097;0.981176005463262;0.969037415491554;0.934970343536996;0.850964705843665;0.993320253308207;0.989348897199516;0.955245985915783;"RF-SVM";0.166115872450201;NA;NA
"Occurrence.Goeridae";0.0899962811454072;"family";0.605058437882366;0.557407230127292;0.533271993977496;0.535286416517059;0.150213509598236;0.566940112616287;0.563456436287763;0.506984607695881;0.0787547198281338;0.118643819192266;0.115314516742384;0.751737187363314;0.0629994110973631;0.0687569976549798;0.162089847932263;0.579068727227969;0.59368828216716;0.597313348528599;0.579326312071371;0.587279135603129;0.58297719029941;0.577899153965924;0.0429540504308278;0.0187918306783722;0.0128005641585201;0.042528331479939;0.0293844382064363;0.0364944048383784;0.0448870426656584;0.98922769282849;0.970243562061659;0.969462518200264;0.806899300330139;0.989882023146603;0.99028710088091;0.965163971779723;"ANN-SVM";0.0320864785071383;NA;NA
"Occurrence.Philopotamidae";0.0948307921160283;"family";0.627148558480499;0.439590087800178;0.409447766127458;0.490476689693919;0.133274675436318;0.447097846050281;0.445590992417862;0.405857608973876;0.29906545768797;0.347127948249617;0.217925827841682;0.787491059918521;0.287094198010209;0.289496904054962;0.352852520370584;0.456372034389629;0.470706381770535;0.530232716143;0.470989299474829;0.458031703899273;0.459146236881985;0.478951436858319;0.272306332816326;0.249449950246243;0.154534106834773;0.248998832723181;0.269659959023066;0.267882815525498;0.236303057095822;0.991644132662021;0.96983501670553;0.980318251875575;0.84462941325363;0.994547987536647;0.993245294047642;0.964112862500215;"iGLM-SVM";0.117772225981554;NA;NA
"Occurrence.Dixidae";0.092599479360357;"family";0.617022337572615;0.456610298263297;0.412474018074498;0.519016371886786;0.154645460909445;0.463384621036541;0.460781341490206;0.427509565623597;0.259977685638391;0.33150877535944;0.158836981609754;0.749368132249758;0.248998629677638;0.253217730653101;0.307140860887738;0.469449836593495;0.456244394230257;0.561245859451604;0.485339658112864;0.471396961923973;0.472564410001866;0.47453840256447;0.239168814470599;0.260570701499824;0.0903962056551098;0.213416389393284;0.236013134016407;0.234121066247051;0.230921842422563;0.993600793526858;0.978352555140611;0.979106611727677;0.847599452438951;0.996001843551714;0.994125786799556;0.976759891183698;"GAM-SVM";0.170174495844714;NA;NA
"Occurrence.Gyrinidae";0.0829304574191149;"family";0.571737729719057;0.43417873562396;0.401498406846767;0.420882322419904;0.125223267070833;0.443532862125634;0.443054645861122;0.378226204851574;0.240598069612603;0.297757720058012;0.263854210519359;0.780977779562728;0.224237199907063;0.225073625840939;0.338462051406982;0.450042554817072;0.446521523857415;0.523738701645844;0.429579243345212;0.452500428052637;0.458020635954696;0.455931568500898;0.212851397723541;0.219009870003107;0.0839528783535055;0.248642828668487;0.208552445410611;0.198897305273592;0.202551196463918;0.992099464990104;0.977739935915769;0.949871858178906;0.858835404622638;0.995526254184263;0.992544932855778;0.961892402942748;"RF-SVM";0.164689950314982;NA;NA
"Occurrence.Leptoceridae";0.079583488285608;"family";0.55550185039821;0.398893349721616;0.362917835190779;0.370147438371813;0.115669521001706;0.408641696467559;0.409989408027807;0.31798397152783;0.281922554469134;0.346684741138806;0.333670197306322;0.79177473320964;0.264373833904198;0.26194771856492;0.427573515191922;0.422934928347514;0.417473209622187;0.487641436498784;0.410537703069178;0.419457560976329;0.433029128947619;0.412343855672785;0.238643529190166;0.248475573352416;0.12216055419218;0.260960692075311;0.244903395595097;0.220472211501721;0.257709303079374;0.988051171743395;0.973090989075865;0.942945305026182;0.862919310566888;0.994606664287026;0.988546239070006;0.953915732572067;"RF-SVM";0.138800137883131;NA;NA
"Occurrence.Caenidae";0.0758646336928226;"family";0.53710263645511;0.400163401632293;0.351958314383904;0.330777926412545;0.100722656516064;0.40761461043577;0.407163043109358;0.317485644505681;0.254959155901038;0.344709389797754;0.384143915964205;0.812470374040918;0.241086185824676;0.241926932631269;0.408892038584852;0.418797480806033;0.417806215929977;0.44181586814045;0.404734293653938;0.421413229060632;0.41603480231028;0.436671818490895;0.22026545322863;0.222111031352391;0.177408863496844;0.246448879258546;0.21539534446904;0.225409122814738;0.186986268820165;0.990726229542129;0.967612142946489;0.945994077175267;0.858983282673137;0.993124436281282;0.995573944382084;0.942147827801278;"RF-SVM";0.0690400157617025;NA;NA
"Occurrence.Calopterygidae";0.0769802900706582;"family";0.542663038656323;0.438447246839094;0.4093085327348;0.438311687361341;0.140597222209007;0.444261607604377;0.443085306810718;0.40294391334996;0.192045126337102;0.245740904432555;0.192294930484604;0.740912477553037;0.181330630690448;0.183498275637433;0.257469396943486;0.45041690321305;0.452833801193591;0.535940898356713;0.456555486098281;0.454768165697571;0.453054681597286;0.454568355754121;0.169987872532616;0.16553409954943;0.0123873192400478;0.158675911982602;0.161969521964103;0.165127069057282;0.162337724567222;0.99403304522303;0.978472463358875;0.952357675209936;0.85386760033892;0.994760495293068;0.995027715544108;0.974518066259677;"iGLM-SVM";0.157600553292568;NA;NA
"Occurrence.Tabanidae";0.074748977314987;"family";0.531506725909808;0.487868389503228;0.451513153143616;0.47078819284581;0.148320344802408;0.495352293746608;0.495291657404989;0.44602835876796;0.0821030746730103;0.150503406385428;0.114238503680387;0.720943616379415;0.0680225299149553;0.0681366137800569;0.160822738405672;0.500911778246182;0.494037129582185;0.527257456181356;0.53275263119603;0.503312640340195;0.500191394612091;0.501852165749732;0.0575626726289398;0.0704969372936607;0.00799476191233191;-0.00234410069616632;0.0530455856816323;0.0589180339046757;0.0557933864511578;0.993499525721879;0.978962454339439;0.9721602404609;0.825128503303682;0.996027737094553;0.99755312987541;0.972474034595326;"GAM-RF";0.0728410379898271;NA;NA
"Occurrence.Pediciidae";0.0650799553737449;"family";0.481444445479195;0.417031692642171;0.347719131421377;0.338224925311143;0.0840661486602676;0.427649214505467;0.422448299861398;0.322464682390336;0.133790624114299;0.277758556181321;0.297478808848863;0.82538764451505;0.111737151563113;0.122539882164547;0.330214139100975;0.429769320455659;0.389975615804584;0.424472796791328;0.402857372845426;0.43596285422584;0.433523414831704;0.411673902144729;0.107333515857893;0.189988337249523;0.118334834315436;0.163231860647077;0.0944690330949529;0.099535950819401;0.14491919886005;0.993651424001928;0.979093395435186;0.957792677966448;0.852658970036569;0.995851807756866;0.994477746524323;0.956375548531836;"GAM-chGLM";0.0955193041545701;NA;NA
"Occurrence.Cordulegastridae";0.0661956117515805;"family";0.487370197776341;0.412543836634789;0.387260110585179;0.439168696067471;0.144183783973083;0.42432097943178;0.422474892215787;0.385155737050757;0.153530850845931;0.205408717332164;0.0989012088322024;0.704159621103361;0.129366175101036;0.133154029230025;0.209726530657688;0.42777013643955;0.423843018164117;0.479424066569866;0.43799775970056;0.433984996356556;0.436182240095908;0.434561054608219;0.122289096889223;0.130346869591268;0.0163040974658053;0.101303769292922;0.109537270976678;0.105028903929664;0.10835529831136;0.992415756720005;0.981874819514486;0.980073524382936;0.863374277967785;0.995179646909993;0.993169758918892;0.975599954987418;"GAM-SVM";0.114042772125463;NA;NA
"Occurrence.Anthomyiidae";0.065823726292302;"family";0.48539945313509;0.464803342826955;0.444026853550067;0.453019482523975;0.151447497259387;0.472327431051303;0.470969048713818;0.424230474479715;0.0424312598110894;0.085234128958751;0.0667078844073276;0.687994091708961;0.0269304425445025;0.0297289259970712;0.126017815348365;0.48362347696852;0.491491165194164;0.488629231809418;0.505672375280208;0.480466716171909;0.483912488003008;0.485130640871776;0.00365879309319288;-0.012549894771675;-0.0066538572581146;-0.041765440842958;0.0101622219211863;0.0030633844403377;0.000553795974796083;0.990634069060543;0.976547237224026;0.982352695579214;0.83768559068871;0.995938627212837;0.993549176829975;0.970008850600396;"chGLM-RF";0.0519276627641443;NA;NA
"Occurrence.group.Hemiptera";0.0661956117515805;"group";0.487370197776341;0.445754069731168;0.420637321390963;0.426659710762891;0.135403841219845;0.449633262175666;0.450218565632208;0.396148923480374;0.0853891523015758;0.136924409185977;0.124567499798809;0.722174556758633;0.0774297151792449;0.0762287729402399;0.187170398830642;0.449974353241665;0.463628306660331;0.480793028418535;0.46611302124005;0.450094750212311;0.452456524064922;0.469539562804109;0.0767298548522179;0.0487142858228376;0.0134952227030187;0.04361607794912;0.0764828209318115;0.0716368663301835;0.0365854027463826;0.99789208302872;0.97873388897039;0.973296360567398;0.847593102749083;0.999769282601031;0.998881646607437;0.963969793253445;"iGLM-SVM";0.0632346321491992;NA;NA
"Occurrence.Lepidostomatidae";0.0602454444031238;"family";0.455284676109605;0.360793437072838;0.308824017107629;0.313090748819252;0.100293959669025;0.367447282239967;0.368706406396091;0.278810674054635;0.207543200979643;0.321690288927531;0.312318720026768;0.779711541082308;0.192928509301491;0.190162933778758;0.387612435285403;0.381594267318024;0.358960151369742;0.395526252589816;0.352429207618482;0.383362760769295;0.384480114070767;0.365752015682682;0.161855675489156;0.211569880987328;0.131255073266298;0.225914628557281;0.157971306996056;0.155517120944772;0.196652040195987;0.989653482181491;0.97524352774005;0.959620148099126;0.881555230499065;0.99207383972114;0.992144165791725;0.957460635220202;"RF-SVM";0.094659555290983;NA;NA
"Occurrence.Physidae";0.0565265898103384;"family";0.434602731747836;0.35418824354943;0.331353967851978;0.380068805340125;0.102153743367816;0.36775981682378;0.364155487324293;0.32309669376845;0.185029872856538;0.237570443887049;0.125479943921182;0.764949145724451;0.153802334962863;0.16209572392752;0.25657003473251;0.371379533779816;0.381669032117397;0.44288299123241;0.388251445901841;0.376556368714239;0.380019919974277;0.420478653050968;0.145473540200165;0.121797899008956;-0.019052479148656;0.106652081222739;0.133561891799788;0.125592426798708;0.0324988263190723;0.991441191820977;0.97515628147903;0.969080986730877;0.866711727895249;0.995611382305344;0.992099160685033;0.952475418521067;"iGLM-SVM";0.164526019348821;NA;NA
"Occurrence.Sialidae";0.0524358497582744;"family";0.411251871797919;0.370658392265341;0.349335041649215;0.372898287707201;0.105365303099875;0.377877411316677;0.379191006070884;0.343061947218502;0.0987070997515705;0.150556956441353;0.0932605702754453;0.743793742167697;0.0811533339297259;0.0779591970897808;0.165810612074062;0.398272785980231;0.406967766992819;0.41252983145201;0.418252254629611;0.386486683467222;0.393842488601581;0.402141156817099;0.0315599434500934;0.0104172287079705;-0.00310748653496563;-0.0170221300175181;0.0602190288458203;0.0423326540016139;0.0221536134072526;0.986287685297567;0.971594869171087;0.980379270108004;0.855179854723979;0.995704615590819;0.992701026572559;0.970892424880115;"chGLM-RF";0.0772411588633384;NA;NA
