"Taxa";"Prevalence";"Taxonomic level";"Null_model";"iGLM.fit";"GAM.fit";"SVM.fit";"RF.fit";"ANN.fit";"expl.pow_iGLM.fit";"expl.pow_GAM.fit";"expl.pow_SVM.fit";"expl.pow_RF.fit";"expl.pow_ANN.fit";"iGLM.pred";"GAM.pred";"SVM.pred";"RF.pred";"ANN.pred";"expl.pow_iGLM.pred";"expl.pow_GAM.pred";"expl.pow_SVM.pred";"expl.pow_RF.pred";"expl.pow_ANN.pred";"iGLM.likelihood.ratio";"GAM.likelihood.ratio";"SVM.likelihood.ratio";"RF.likelihood.ratio";"ANN.likelihood.ratio";"Big.model.diff";"Big.pred.expl.pow.diff";"chGLM.model.diff";"chGLM.pred.expl.pow.diff"
"Occurrence.Simuliidae";0.923019709929342;"family";0.542663038656323;0.490313235703164;0.461107225603995;0.519554497682925;0.155572883754494;0.457133684731251;0.0964683408009162;0.15028812954401;0.0425835911556023;0.713315865145884;0.157610428262903;0.479983927768454;0.485861334055556;0.514527575555148;0.487030035600041;0.516594288889714;0.115502819287394;0.104672145612519;0.0518470231008187;0.102518504289574;0.0480385578335259;1.00517801378236;0.987699226475418;1.00251662245527;0.84727617413609;0.970707295987931;"iGLM-ANN";0.0674642614538678;NA;NA
"Occurrence.Limoniidae";0.865005578281889;"family";0.791543597715128;0.740761240797104;0.713548260171928;0.733052014114021;0.235724967104557;0.687780027495584;0.0641561084754057;0.0985357442955036;0.0738955930790785;0.702195851517211;0.131090151596284;0.774285017433912;1.12020632127829;0.744711139769408;0.7534073917094;0.710648842285835;0.0218037014398634;-0.415217461820015;0.0591659866631569;0.0481795394666982;0.102198736320785;0.983377810503854;0.816009705125031;0.9941873961033;0.771945588775178;0.988630716985208;"ANN-GAM";0.5174161981408;NA;NA
"Occurrence.Limnephilidae";0.822238750464857;"family";0.935963459055595;0.803161240976652;0.767625388405818;0.778138374596782;0.256427354896912;0.742686100044886;0.141888250864989;0.179855387537921;0.16862312618279;0.72602845504711;0.206500966614369;1.17527832779183;1.28428959704639;1.23665197977132;1.16327676652407;1.31126756652798;-0.255688260498665;-0.3721578386642;-0.321260961425918;-0.242865579066347;-0.400981580895345;0.830224989359233;0.772338692493826;0.795124317302707;0.635448197764987;0.752547822230477;"RF-ANN";0.158116001828998;NA;NA
"Occurrence.Rhyacophilidae";0.805875790256601;"family";0.984296306063927;0.916259877627634;0.883268789549176;0.899928288435448;0.302208532674284;0.836973012716153;0.0691218975598537;0.102639333188952;0.0857140447533075;0.692969961573079;0.149673723694951;0.788448778733501;0.903236966565533;0.803695183443229;0.858360417595461;0.729813695431358;0.198972124678183;0.0823525791969488;0.183482475254731;0.127945099146076;0.258542685840417;1.06599171050007;0.99006558704433;1.04929294590969;0.757239312714021;1.05504103155655;"ANN-GAM";0.176190106643468;NA;NA
"Occurrence.Elmidae";0.764968389735961;"family";1.09056995358128;0.780388845218892;0.725280817968431;0.721867245303454;0.233273903792568;0.670129013717842;0.284421102327087;0.334952502967178;0.33808258431021;0.786099091556182;0.385524045003045;0.362451697459499;0.447258011858228;0.448567157996204;0.386139232276448;0.345061089441585;0.667649290841676;0.589885994576051;0.588685570766761;0.645928964933959;0.683595638859798;1.23240626817404;1.14913720360375;1.14642687894913;0.926415293064675;1.17648827382746;"ANN-SVM";0.0949100680930368;NA;NA
"Occurrence.Gammaridae";0.732986240238007;"family";1.16053196633123;0.658695687638914;0.587586402275549;0.601248772042217;0.170639918596297;0.536910190232064;0.432419177800646;0.493692186581404;0.481919680383356;0.852964051360224;0.537358551243195;0.563878462889971;0.548472308544342;0.489487018733422;0.846428365516617;0.520442645718035;0.514120697017463;0.527395776715899;0.578221856067586;0.270654846162992;0.551548203050968;1.0485503722138;1.01974953871627;1.05747170666578;0.713270731218063;1.0082677629864;"SVM-RF";0.307567009904594;NA;NA
"Occurrence.Heptageniidae";0.7244328746746;"family";1.17743548541178;0.962317189958143;0.92248947047532;0.887112636418128;0.281671283017644;0.841078910816466;0.182700706848841;0.216526525737673;0.246572192354235;0.760775612330781;0.285668793545563;1.03384655757998;1.30957491484297;1.03263225659643;1.08063748124427;1.15191688094758;0.121950569360991;-0.112226471062207;0.122981879355129;0.0822108772555454;0.0216730383790699;0.964867315670769;0.824034630884115;0.929824137583322;0.670666624627472;0.856056427475029;"SVM-GAM";0.235208350417336;NA;NA
"Occurrence.Nemouridae";0.707698029007066;"family";1.2083999653351;0.793517084803722;0.748711054245418;0.791126595603602;0.238073485926526;0.663792835628963;0.343332416776701;0.380411224988913;0.345310643579659;0.80298453098639;0.450684496300126;1.0568464606663;1.03504768460032;1.16257436397862;1.08797479482139;1.12042455360957;0.125416674128073;0.143456045769344;0.0379225444149824;0.0996567146377914;0.0728032226491678;0.87663489206218;0.866608193307459;0.830502878303119;0.65380204655712;0.795872836539832;"GAM-SVM";0.105533501354361;NA;NA
"Occurrence.Empididae";0.688359985124582;"family";1.24081318179951;1.21698562590653;1.17756084357353;1.17516065489041;0.437908150762396;1.12475322837158;0.0192031775955435;0.0509765201996417;0.0529108876921268;0.64707970773867;0.0935353968915867;1.22679308563486;1.76280566665169;1.18463539856897;1.12816307808941;1.18090582087288;0.0112991192955565;-0.420685799046027;0.0452749729407862;0.0907873202529432;0.0482807257412868;0.995108273790214;0.746303883237159;0.995273831807762;0.708130086859956;0.972314180044809;"RF-GAM";0.511473119298971;NA;NA
"Occurrence.Hydropsychidae";0.686872443287467;"family";1.24316052010929;1.00732922770299;0.939517328901447;0.94180112832629;0.277448505431428;0.926389099524671;0.189703009861968;0.244250992768938;0.242413901429646;0.776820047818896;0.25481135819594;0.527526984083071;0.496532255894902;0.614953967720787;0.55757748924527;0.470728048660352;0.575656582114839;0.600588783296264;0.505330198495425;0.551483915209718;0.621345722418077;1.27112345772056;1.24793793420532;1.17753536485287;0.869302170636289;1.25587246895204;"ANN-SVM";0.116015523922651;NA;NA
"Occurrence.Leuctridae";0.680550390479732;"family";1.25290778493388;0.856701864958335;0.812594705646715;0.830044642363308;0.23214105375239;0.721207693865379;0.316229114975491;0.351432950279258;0.337505399563693;0.814718164781264;0.424372884790208;1.0649883874291;1.07827919988649;0.995581898241628;1.04144357396146;0.987381480689413;0.149986614948441;0.139378641546715;0.205382941814692;0.16877875093064;0.211928050441859;0.901096196019574;0.875603210142462;0.920564115398246;0.667209452845183;0.875389023264805;"ANN-GAM";0.0725494088951437;NA;NA
"Occurrence.Ceratopogonidae";0.595760505764225;"family";1.34938646630396;1.20690690896703;1.17257853136834;1.13115317000554;0.4549624287688;1.1142386627474;0.10558839953923;0.131028389087009;0.161727793888565;0.662837563492863;0.174262755280663;1.23010062004462;1.276683190946;1.11693172812518;1.12672086692325;1.05477442311195;0.0884000612412215;0.0538787642928561;0.172266985021339;0.165012474143605;0.218330367577327;0.98847012880444;0.94927918996356;1.00713606214546;0.714709423866896;1.03017853257443;"ANN-GAM";0.164451603284471;NA;NA
"Occurrence.Psychodidae";0.517664559315731;"family";1.3850459547219;1.32621246836247;1.28777035072352;1.21895947026915;0.508380108374168;1.20416735577417;0.0424776421019496;0.0702327627951624;0.119914060531006;0.63295072871698;0.130593933241763;1.34811982342671;1.39649652479322;1.29371523210888;1.25179753943837;1.32929236351572;0.0266605820328938;-0.00826728530723904;0.0659405720811294;0.0962050499691085;0.0402539648710589;0.989106095549529;0.947088168630994;0.96331204931949;0.689555069955487;0.939354347695774;"RF-GAM";0.104472335276347;NA;NA
"Occurrence.Leptophlebiidae";0.450353291186315;"family";1.37641891352558;1.14391539669538;1.09308329639253;1.05086167874506;0.343122810621162;1.01969027764342;0.168919152843271;0.205849842913963;0.236524819283854;0.750713385838123;0.259171559164663;1.30865095337047;1.53733685436795;1.32705760550214;1.33235790165213;1.33862961861553;0.0492349817989087;-0.116910585332043;0.0358621256496722;0.032011338583388;0.0274547919522919;0.920933197125354;0.800813831531777;0.871013360154668;0.609804085010523;0.852595825821273;"iGLM-GAM";0.166145567130952;NA;NA
"Occurrence.Sphaeriidae";0.428783934548159;"family";1.36593829332975;1.00068148740677;0.957036388454376;0.924980605701045;0.330753680702551;0.868819720024045;0.267403591880125;0.299356059400454;0.322824017587049;0.757856059590897;0.363939261190108;1.26569560739491;1.25348652394256;1.21706208748174;1.21484934148891;1.26574790100838;0.0733874190542552;0.0823256584403033;0.108991897053486;0.110611842847256;0.0733491350309404;0.875896750258512;0.862237031358369;0.864122497347577;0.642718893222963;0.819989215620889;"RF-ANN";0.0372627078163161;NA;NA
"Occurrence.Taeniopterygidae";0.440684269245073;"family";1.37218774001095;1.14656915139161;1.08751015348071;0.991652387326197;0.330089976680749;1.00249507575956;0.164422536392531;0.207462563780058;0.277320181188702;0.759442555084981;0.26941842830372;1.14754927470863;1.43120102204634;1.05688596121839;1.10027888727576;1.22460387656389;0.163708258536491;-0.0430067113374167;0.229780349728272;0.198157179813469;0.107553696293685;0.999510058402091;0.842109324341452;0.967909404046904;0.680386367072634;0.894890065225396;"SVM-GAM";0.272787061065689;NA;NA
"Occurrence.Perlodidae";0.443659352919301;"family";1.37357028038428;1.08447805621115;1.03551491896413;1.00772946333306;0.321658443612117;0.996628343656643;0.210467733833213;0.246114353410129;0.266342991163777;0.765823090230136;0.274424936321556;0.914082457156737;1.16215692934908;0.880566808091003;0.887498840825899;0.908550477873195;0.334520795760807;0.153915204816496;0.358921184692022;0.353874458773522;0.338548241143503;1.0889324357187;0.938642116329865;1.06564614874351;0.753579922187893;1.04502303986531;"SVM-GAM";0.205005979875525;NA;NA
"Occurrence.Athericidae";0.368910375604314;"family";1.31674643300699;1.12849015903297;1.06800663599934;1.03524808568306;0.349781904948395;0.980126272833179;0.142970787127258;0.188904857284948;0.213783261733309;0.734358950075441;0.255645393627602;1.1258981692399;1.1947207171551;1.09297786460474;0.979722607977973;0.921400437715096;0.144939267715548;0.0926721446081508;0.169940516103196;0.255951955958121;0.300244591807295;1.00129683506083;0.938608292608875;0.9715477219358;0.72981051172446;1.0297982585367;"ANN-GAM";0.207572447199145;NA;NA
"Occurrence.Psychomyiidae";0.336184455187802;"family";1.27694430252207;1.052424224446;0.981891874410048;0.985491719856564;0.342567253677406;0.936578028351184;0.175826054145528;0.231061313738798;0.228242204526747;0.731728899216037;0.266547470785245;1.45266138315464;2.01832303393976;1.34057494660207;1.32486672496555;1.39713765340211;-0.13760747456683;-0.580588150911053;-0.0498303989879009;-0.0375289841137368;-0.0941257583769676;0.818633674269807;0.595582369552408;0.837326154645366;0.611922440540367;0.794311313150576;"RF-GAM";0.543059166797316;NA;NA
"Occurrence.Nematoda";0.335812569728524;"phylum";1.27643766236218;1.22652869795536;1.20002436896477;1.16360732817005;0.484362847029495;1.17076665051963;0.0391001972743871;0.059864492916951;0.0883947078021205;0.620535446961717;0.0827858774137051;1.32053292253975;1.38042151065023;1.31002986220558;1.28813344494571;1.24425455437271;-0.0345455649561177;-0.081464102285745;-0.0263171487601182;-0.00916283100099883;0.0252132234408598;0.954085382281138;0.913749723202706;0.929404456775047;0.669057482879716;0.963922914359243;"ANN-GAM";0.106677325726605;NA;NA
"Occurrence.Hydraenidae";0.317218296764597;"family";1.24950976125645;1.13521037148887;1.09348070722228;1.08045539433376;0.400760071044044;1.02138191746622;0.0914753876373426;0.124872216986344;0.135296555628901;0.679266154238716;0.18257387886337;1.01840329239626;2.01680357019333;0.991261751572798;1.0264287758338;0.963346314847829;0.184957713837943;-0.614075882180648;0.206679465572136;0.178534808082112;0.229020576934802;1.06014271891468;0.630235681783008;1.04560620884624;0.731371052398628;1.02944291974373;"ANN-GAM";0.84309645911545;NA;NA
"Occurrence.Planariidae";0.326143547787281;"family";1.26282770894167;1.20874752471977;1.16691153888786;1.09700368624091;0.383569661729311;1.07570133569127;0.0428246734205929;0.075953488646672;0.131311675794424;0.696261288049526;0.148180446093652;1.10721708378483;1.08023202944651;1.10379434675906;0.988581094143696;1.36466115056266;0.1232239552989;0.144592709046734;0.125934330595174;0.217168670639804;-0.0806392201405947;1.05207585840675;1.04429263793789;0.996610427356526;0.738964264174029;0.865472301786285;"RF-ANN";0.297807890780399;NA;NA
"Occurrence.Sericostomatidae";0.276682781703235;"family";1.17958594850796;1.10205207157947;1.06607293842283;1.07765847272342;0.358729690513732;0.967381647313866;0.0657297393433393;0.0962312328565022;0.0864095371036488;0.695885076481724;0.17989727790714;1.16323514117004;1.75827188706421;1.08764263371879;0.974928164305179;0.973343144757694;0.0138614802580522;-0.490583953876546;0.0779454137322202;0.173499679664419;0.17484338806438;0.969871651000965;0.707442111282819;0.995020359227515;0.734842390912879;0.997023689298921;"ANN-GAM";0.665427341940925;NA;NA
"Occurrence.Tipulidae";0.274823354406843;"family";1.1759949175073;1.12184670050946;1.10962806976123;1.11391270457739;0.474496630579803;1.08649883518392;0.0460446012067951;0.0564346382437964;0.0527912255450023;0.596514726793572;0.0761024397223421;1.24414675407885;1.25390847801416;1.27929033673674;1.24965954016152;1.22114086613728;-0.0579524924444462;-0.0662533139786146;-0.087836620457847;-0.0626402559718279;-0.0383895780142285;0.940682101677892;0.930400440685195;0.920637590264116;0.678696348930658;0.934895037384644;"ANN-SVM";0.0494470424436185;NA;NA
"Occurrence.Polycentropodidae";0.256972852361473;"family";1.13973348306801;1.03616316615434;0.979959127907647;0.954558376288426;0.314813079291906;0.922416849499906;0.0908723999534273;0.140185716690774;0.162472288066079;0.72378360031639;0.190673202811516;1.3718349819148;1.39283695174729;1.39359358178161;1.16529843624753;1.52186425925009;-0.203645415612431;-0.222072504176999;-0.222736369936453;-0.0224306415134025;-0.335280819471441;0.845492561969065;0.813475953623423;0.802906024217357;0.653611148523177;0.7410229334238;"RF-ANN";0.312850177958038;NA;NA
"Occurrence.Odontoceridae";0.246931944960952;"family";1.11787874294149;1.03576042509196;0.975961467188316;1.01091894943762;0.306902206081619;0.893723914476767;0.0734590565998691;0.126952298403799;0.0956810335461062;0.725460200384468;0.200518016717;0.936066134280483;1.4537050922569;0.930945139601069;0.952562248718239;0.915900852358018;0.162640724505235;-0.300413932580691;0.167221717490162;0.147884102159639;0.18067960577907;1.05111041703973;0.787515825560608;1.04079714477948;0.72409692494865;0.988972781530742;"ANN-GAM";0.481093538359761;NA;NA
"Occurrence.Dugesiidae";0.223131275567125;"family";1.06168527830838;0.918257948088424;0.88242398151065;0.869665386177274;0.288820853586362;0.873484542135776;0.135094018114754;0.168845985208872;0.180863289766118;0.727960008971256;0.177266031674165;1.36502797299329;2.68259269666556;1.48269226781319;1.36890652734164;1.48253683070239;-0.285718094507473;-1.52673061544172;-0.396545942669194;-0.28937129986653;-0.396399536654176;0.799806854408936;0.406535363955611;0.736008625554927;0.582723289793072;0.737472747286126;"iGLM-GAM";1.24101252093425;NA;NA
"Occurrence.Lymnaeidae";0.216065451840833;"family";1.04376566858319;0.8501778022311;0.818575955737989;0.872169879626903;0.271527876209161;0.769089448838435;0.185470620637355;0.215747384325135;0.164400683142998;0.739857436988003;0.263158894771466;1.44510261466281;1.40952679579012;1.27303120194076;1.21633634643984;1.26564450366;-0.384508667184277;-0.350424561964582;-0.219652303441616;-0.165334694415563;-0.21257533348265;0.742700503618378;0.744177706366936;0.818378233458349;0.623501420800189;0.780143402052951;"RF-iGLM";0.219173972768714;NA;NA
"Occurrence.Erpobdellidae";0.209743399033098;"family";1.02723298994066;0.655481209897842;0.628465200973299;0.665391598169496;0.196982028218044;0.597097898625684;0.361896262759528;0.388196049846879;0.352248608947099;0.808240165427882;0.418731773148978;1.37976978614735;1.89915158865501;1.69935270419308;1.32030294873078;1.28377851618043;-0.343190687661864;-0.848803151040461;-0.654301137944605;-0.285300376506639;-0.249744243761671;0.696181909812239;0.52975364892679;0.596318384117747;0.570261380912883;0.709396756535016;"ANN-GAM";0.599058907278791;NA;NA
"Occurrence.Scirtidae";0.198214949795463;"family";0.995835677331573;0.971148249073173;0.933151818668535;0.95517646074985;0.315069061706723;0.884589148340399;0.0247906645848963;0.0629459860596727;0.0408292427227277;0.683613402412959;0.111711732691952;0.464422643794047;2.10745149650096;0.579889571382281;0.545851715282901;0.523506624338522;0.533635262959741;-1.11626430391413;0.417685483074733;0.451865676528524;0.474304208761326;1.28835060905647;0.555909460445903;1.2064032891482;0.891017396698238;1.1978655467901;"iGLM-GAM";1.64989956687387;NA;NA
"Occurrence.Ephemerellidae";0.197471178876906;"family";0.993753370585415;0.720297575281112;0.673811569093273;0.623612508677257;0.196241164418325;0.650850035752836;0.275174709740317;0.321952922085352;0.372467528527838;0.802525284213405;0.345058789215051;1.19315411244668;1.22623984315245;1.25455115302626;1.1017794625895;1.11673936196096;-0.200654154001807;-0.233947858139164;-0.262437129936182;-0.10870513268342;-0.123759068412617;0.789442508100938;0.758650458210551;0.72944644852794;0.635864906679566;0.792197410057055;"RF-SVM";0.153731997252763;NA;NA
"Occurrence.Asellidae";0.188174042394942;"family";0.967128897507618;0.621673122485235;0.598167336378782;0.637479398695109;0.171748061230028;0.57431246016358;0.35719724218008;0.381501950856483;0.340853736934184;0.822414507856565;0.40616761463375;1.19801892234931;1.30091540374527;1.40790499223836;1.17055627207305;1.26840107310295;-0.2387375927208;-0.345131354360158;-0.455757340998353;-0.210341532643358;-0.311511915704041;0.749631969716885;0.703720489457168;0.680305853911102;0.606892195752428;0.70677401290264;"RF-SVM";0.245415808354995;NA;NA
"Occurrence.Ephemeridae";0.178133134994422;"family";0.93710166506216;0.745682265146524;0.699489413767114;0.735652540859206;0.18639246257891;0.637937227243809;0.204267484577501;0.25356080365014;0.214970404720806;0.801096861175093;0.319244377608172;1.07971366925794;1.10332070432307;1.1036367828577;1.15000233743909;1.04633053037256;-0.152184132749691;-0.177375673801502;-0.177712967551389;-0.227190581678041;-0.116560315046662;0.846186324368069;0.817163856664939;0.831942358675317;0.617667533831001;0.815302025002992;"ANN-RF";0.110630266631379;NA;NA
"Occurrence.Chloroperlidae";0.185570844179993;"family";0.959473050927388;0.777532418526152;0.71311011566901;0.834432850916569;0.24349734254072;0.684525902611592;0.189625578566672;0.256768999421353;0.130321742637753;0.746217632370846;0.286560574108926;0.637060779206335;0.639306664494958;0.694745644885178;0.554843618215764;0.564199852315554;0.336030565328981;0.333689816637341;0.275909162624563;0.421720477006129;0.411969047207505;1.07276112959269;1.03759104717647;1.07234045732513;0.855838886006581;1.06200966671662;"RF-SVM";0.145811314381566;NA;NA
"Occurrence.Stratiomyidae";0.172182967645965;"family";0.918661513424507;0.891692567768775;0.860550631217838;0.882070779334536;0.345353753525347;0.834712182972847;0.0293567818632125;0.0632560321266187;0.0398304855001177;0.624068551388458;0.0913822220969303;0.783895574338293;0.926795731918496;0.845198160092425;0.780186495995273;0.726412635500418;0.146698144111692;-0.0088544239364801;0.0799678143239415;0.150735625043264;0.209270634629549;1.05537747243805;0.967419994664833;1.01860730761814;0.804594889383284;1.05564269786646;"ANN-GAM";0.21812505856603;NA;NA
"Occurrence.Dytiscidae";0.164373373001116;"family";0.8937025840299;0.830653786326988;0.794738790760543;0.7934252242065;0.26742108343009;0.772836068355891;0.0705478520814057;0.110734594525964;0.112204397318879;0.700771724051384;0.135242437287129;1.02657014144916;1.50627510558369;0.989159433629579;0.953179128081973;0.987560879135035;-0.148670888720193;-0.685432192432037;-0.106810533286414;-0.0665507128600669;-0.105021845950034;0.906686822815244;0.700635038447651;0.906769401128107;0.709724067133665;0.89820010144175;"RF-GAM";0.61888147957197;NA;NA
"Occurrence.Hydroptilidae";0.156563778356266;"family";0.867855311158231;0.589166774650324;0.574574154909809;0.630304460598282;0.204483033645479;0.562314275483724;0.321123271269691;0.337937848023321;0.273721722395079;0.764381192329655;0.352064487877288;1.30298678421357;1.4435362463118;1.62288340496024;1.31693240299942;1.32872685819296;-0.501387117715071;-0.663337457006825;-0.869993055402704;-0.51745617739189;-0.531046524817201;0.699835476747221;0.647600655033265;0.60878538912977;0.573369634030857;0.68167226168606;"iGLM-SVM";0.368605937687633;NA;NA
"Occurrence.Hydrobiidae";0.137597619933061;"family";0.801156770193558;0.483435023826182;0.4565005116614;0.516358991827975;0.145933343163953;0.425073517384227;0.39657874486989;0.430198272491525;0.35548320748357;0.817846707918732;0.469425294525653;1.20983854846061;1.8559818028766;1.52529908554168;1.17807484720897;1.22588163739728;-0.510114616104805;-1.31662749654876;-0.903870930496127;-0.470467318056046;-0.530139522007797;0.695446104525475;0.496714112073925;0.603825489865988;0.596861162046054;0.670049251225823;"RF-GAM";0.84616017849272;NA;NA
"Occurrence.Perlidae";0.143175901822239;"family";0.821374086085994;0.629683057413932;0.571748607891077;0.563814737139012;0.182162732442396;0.534717735722738;0.233378471416729;0.303912044978715;0.313571310941037;0.778221963015127;0.348996097173249;0.669303859187004;0.729328751986672;0.682915937042374;0.596291670984406;0.683747555923846;0.185141252293012;0.112062622450065;0.168568927835793;0.274031551414227;0.167556455083657;0.980384535725351;0.924233926616706;0.942187857724967;0.812967236892959;0.928193634495385;"RF-GAM";0.161968928964163;NA;NA
"Occurrence.Planorbidae";0.13015991074749;"family";0.773381154033002;0.471313122422888;0.446912539224614;0.497231021133944;0.146515204226564;0.436666538822696;0.390581060884274;0.422131588164426;0.357068609002172;0.810552399082236;0.435379907377388;1.16635890396392;1.24622522388355;1.29812394018247;1.12030819368324;1.22113114159369;-0.508129462273076;-0.61139849010385;-0.678504749453823;-0.448584812082756;-0.578951252206976;0.706435842883716;0.670550446248303;0.670020842062983;0.614530636813413;0.675547165189183;"RF-SVM";0.229919937371066;NA;NA
"Occurrence.Glossosomatidae";0.115284492376348;"family";0.714846343977457;0.666503948500463;0.635048435867221;0.668394610334642;0.183606836473663;0.590917019869184;0.0676262750509625;0.111629455452252;0.0649814243776569;0.743152024178984;0.173364982771991;0.435393354101511;0.51219228103692;0.465035017103559;0.521412743299108;0.404544069247758;0.390927354151452;0.283493179545348;0.349461571676971;0.270594656191526;0.434082481282838;1.12249658374964;1.0633540146091;1.10702894055646;0.844590864069972;1.09766640386839;"ANN-RF";0.163487825091311;NA;NA
"Occurrence.Blephariceridae";0.12235031610264;"family";0.743163645502999;0.545569116592267;0.505979494382375;0.63020794634332;0.207737219561009;0.512857231552008;0.265882931850082;0.319154674149984;0.151993036585135;0.720469077277851;0.309900000282054;0.0724802041383963;0.0737932179708962;0.222220470914768;0.0856186184502833;0.068613588055139;0.902470734976091;0.900703945332323;0.700980433771944;0.884791702381602;0.907673648367583;1.26686387435616;1.24121797843267;1.22629047405084;1.06296194655201;1.24872349027769;"ANN-SVM";0.206693214595639;NA;NA
"Occurrence.Glossiphoniidae";0.11230940870212;"family";0.702633278087749;0.462596698815457;0.430345228232263;0.424815371753708;0.129315030383331;0.401534326497961;0.341624267961751;0.387525126331237;0.395395315021424;0.815956581596493;0.428529306794639;0.98055589063604;1.54515261066744;0.991960894829864;0.985851293054652;1.018657989012;-0.395544334741261;-1.19908828524696;-0.411776136663402;-0.403080844302869;-0.449771909159114;0.771838771550571;0.572694025833646;0.753088324281717;0.651636667162189;0.734502535580041;"iGLM-GAM";0.803543950505697;NA;NA
"Occurrence.Capniidae";0.105987355894385;"family";0.676085621104913;0.494774985135163;0.437646552658056;0.460799690308358;0.130148011076083;0.411726735650584;0.268177033070809;0.352675846081715;0.318429979984958;0.807497738432324;0.391013914809034;0.479259296854726;0.496387935981815;0.381007614351945;0.36449727326405;0.480549312793391;0.291126327947217;0.265791313279851;0.436450646991617;0.460871135421635;0.289218262018294;1.00778801418076;0.971056435217058;1.0407025750244;0.889429857491551;0.966174046564789;"RF-GAM";0.195079822141784;NA;NA
"Occurrence.Goeridae";0.0899962811454072;"family";0.605058437882366;0.564308122754517;0.541870786168403;0.568146985491436;0.147369819930069;0.532346916800518;0.0673493873921837;0.104432312249231;0.0610047725639788;0.756437046897741;0.120172724698015;0.548684904621261;0.570152126121327;0.56165663969976;0.603295694717835;0.552274708196277;0.0931703943480344;0.0576908106317914;0.0717315807288088;0.00291334366098773;0.0872374077962218;1.0078421992858;0.985958839700534;1.00325044416992;0.796153766822116;0.990085579452763;"iGLM-RF";0.0902570506870466;NA;NA
"Occurrence.Philopotamidae";0.0948307921160283;"family";0.627148558480499;0.550650133855629;0.526553889804289;0.609766909444098;0.170387382445084;0.511086712321899;0.121978155877797;0.160400063614811;0.0277153615381241;0.728314160750189;0.185062764777459;0.0111331219313093;3.50241677943264;0.181658156194867;0.0154391745360779;0.0143454829100421;0.982248030740462;-4.58466846821518;0.71034270311487;0.97538195005425;0.977125861622325;1.30964814032369;0.225839333823283;1.23869000874382;1.08055425001422;1.28193494810846;"iGLM-GAM";5.56691649895564;NA;NA
"Occurrence.Dixidae";0.092599479360357;"family";0.617022337572615;0.565720007348606;0.518685951562621;0.623782824711626;0.208827152982107;0.524961991010527;0.0831450129112578;0.159372489490173;-0.0109566327300357;0.66155657540108;0.149200994771529;0.0321720854891188;0.0271795455861954;0.179948166452701;0.0356547718197544;0.0302891081113531;0.947859123519442;0.955950467379965;0.708360369641361;0.942214779516701;0.95091084022904;1.30574526352513;1.27858398389351;1.24846816164809;1.09044534978598;1.28060989055639;"GAM-SVM";0.247590097738603;NA;NA
"Occurrence.Gyrinidae";0.0829304574191149;"family";0.571737729719057;0.296604066181439;0.282535036801261;0.307803174006006;0.0762648071978318;0.279747614915795;0.481223556249846;0.505831044349488;0.461635715107947;0.866608755669654;0.510706394952703;1.15511196357883;1.54096549436636;1.39016161523181;0.986641159196088;1.17881662500526;-1.02035287079346;-1.69523142214799;-1.43146733715635;-0.725688384569106;-1.06181359691709;0.650994588959229;0.533009927768444;0.582061468637011;0.634328591300227;0.637925033402814;"RF-GAM";0.96954303757888;NA;NA
"Occurrence.Leptoceridae";0.079583488285608;"family";0.55550185039821;0.20524817581988;0.190914558728815;0.180023517230404;0.0452465188233544;0.185469320943575;0.63051756592215;0.656320571044077;0.675926341016948;0.918548392249424;0.666122946646133;1.67263693806583;1.57919812587306;1.78064078472052;1.33002004872249;1.44418079758754;-2.0110375633615;-1.84283144104923;-2.20546328233483;-1.39426753982739;-1.59977675421293;0.48013191922394;0.499502945720729;0.449190307434429;0.526035401672373;0.532935040050322;"RF-SVM";0.811195742507443;NA;NA
"Occurrence.Caenidae";0.0758646336928226;"family";0.53710263645511;0.265999560725531;0.248395402717509;0.2588253855325;0.0642706842069693;0.235021617824109;0.504750968118245;0.537527120781003;0.518108145510598;0.880338170314789;0.562426989047649;0.998765511674147;2.30748837289015;1.36419214529205;1.13337357168711;1.09421249952424;-0.859543118734294;-3.29617770659185;-1.53990960516551;-1.11016199653646;-1.03725028561779;0.693237257497139;0.357168905269445;0.575403710182481;0.585932054699073;0.650772317370677;"iGLM-GAM";2.43663458785756;NA;NA
"Occurrence.Calopterygidae";0.0769802900706582;"family";0.542663038656323;0.330701476103591;0.311355919900156;0.3434861767721;0.0923712114622918;0.306565679998005;0.39059517131951;0.42624446899664;0.367035983098095;0.829781641861936;0.435071751418548;0.922943638543346;1.66352236299457;1.06860369876457;0.937038848420588;0.868411124056019;-0.700767461201389;-2.06547939419936;-0.969184600098278;-0.726741608827406;-0.600276897808029;0.743697374783053;0.508605190008179;0.695893421086513;0.655515179785409;0.755086684792545;"ANN-GAM";1.46520249639133;NA;NA
"Occurrence.Tabanidae";0.074748977314987;"family";0.531506725909808;0.448937268679174;0.421489581788364;0.412356202803529;0.121449237244769;0.421553712239641;0.155349788075203;0.206991066638191;0.224175005315921;0.771500093367816;0.206870408802361;0.783545128969981;0.721980902912962;0.671451852397752;1.24494006028304;0.660531115962549;-0.474196074619275;-0.358366447154756;-0.263298881586856;-1.34228467786934;-0.242752130430493;0.845942464845539;0.860496560388948;0.878492573682481;0.570212938546116;0.887374033437187;"ANN-RF";1.09953254743884;NA;NA
"Occurrence.Pediciidae";0.0650799553737449;"family";0.481444445479195;0.467728744874712;0.391711000851606;0.345614327567402;0.0948315096928787;0.345892666605974;0.0284886464747383;0.18638379873357;0.28213040816495;0.803027097761009;0.281552274921984;0.24698473574829;0.239218494618474;0.317728092625877;0.297169624218385;0.258864291677254;0.486992241643875;0.503123367888534;0.340052428459043;0.382754070570688;0.462317419781218;1.11669340824388;1.07922830477098;1.01404077609384;0.903780229358249;1.04447481265609;"GAM-SVM";0.163070939429491;NA;NA
"Occurrence.Cordulegastridae";0.0661956117515805;"family";0.487370197776341;0.450049004361919;0.424957072053362;0.483163998626851;0.146121186035069;0.416313230611463;0.0765766835655987;0.128061022212156;0.00863039875782415;0.700184404582477;0.145796701335206;0.277322680389261;0.295482854160394;0.326886890021376;0.577600206935095;0.291692120417356;0.430981455873657;0.393719896069652;0.329284204260294;-0.185136492896846;0.401497831118479;1.09020217641017;1.06687851469736;1.08127246324402;0.805945214838554;1.06429281496922;"iGLM-RF";0.616117948770503;NA;NA
"Occurrence.Anthomyiidae";0.065823726292302;"family";0.48539945313509;0.413894606035576;0.395878807591795;0.394773691814246;0.11888113716498;0.389773523386515;0.147311346639722;0.184426754016926;0.186703468113761;0.75508596806784;0.197004609566302;0.698799428136977;1.08768961260617;0.719913962770124;0.781296736559288;0.694674743541235;-0.439637856251346;-1.24081342815905;-0.483137152545919;-0.609595419840423;-0.431140350600894;0.867228823818788;0.707579419179669;0.849956476031214;0.718055941729182;0.858601299160935;"ANN-GAM";0.809673077558153;NA;NA
"Occurrence.group.Hemiptera";0.0661956117515805;"group";0.487370197776341;0.347204606873255;0.335648672035584;0.341632454555469;0.0908057418085314;0.32311206043363;0.287595736347033;0.311306531324641;0.29902883657189;0.813682202517022;0.337029506712042;0.907485674132312;0.934723505632403;0.930733818034944;0.840833541323001;0.91369315850824;-0.862004854364867;-0.917892209858425;-0.909706055646159;-0.725246117139212;-0.87474154693296;0.755677535886302;0.741160990019594;0.744866194270344;0.68727972570324;0.744315295953095;"RF-GAM";0.192646092719213;NA;NA
"Occurrence.Lepidostomatidae";0.0602454444031238;"family";0.455284676109605;0.231722326121562;0.200106779188471;0.198798986396573;0.0509347411094887;0.187558683066593;0.491038600065297;0.5604798718499;0.563352344525837;0.888125509637784;0.588040861227142;1.18197098563684;0.976123347740594;1.35686454552808;1.03084367116761;1.17715477565553;-1.59611414057847;-1.14398462975196;-1.98025524847981;-1.26417387902474;-1.58553568223356;0.621807742452988;0.678406723132248;0.560440173687866;0.612654290744602;0.609694024831423;"GAM-SVM";0.836270618727846;NA;NA
"Occurrence.Physidae";0.0565265898103384;"family";0.434602731747836;0.315589046298218;0.304896473340688;0.350539327092054;0.0933837481502224;0.30659860197391;0.273844770765664;0.298447867286774;0.193425854268575;0.785128483259499;0.294531351101116;0.542359350923964;1.57206055419437;0.550596505419699;0.601529542842748;0.536866908768373;-0.24794280225245;-2.61723578651252;-0.266896098893289;-0.384090570309084;-0.235304956803337;0.892806727311037;0.530687448414902;0.904811549860559;0.775635258233561;0.891246572131109;"ANN-GAM";2.38193082970919;NA;NA
"Occurrence.Sialidae";0.0524358497582744;"family";0.411251871797919;0.422111712219041;0.403236304143843;0.439511133813028;0.119756761836406;0.400409576973555;-0.0264067866090077;0.0194906533045868;-0.0687152179795912;0.708799472904887;0.0263641227381241;0.192698298241659;0.215974133299711;0.238992566232104;0.310331948085548;0.1751812672119;0.531434842109734;0.474837324495299;0.418865705857406;0.245396873869939;0.574029252569624;1.12154444818063;1.09815454595885;1.10545750813287;0.909111442668031;1.11920001176469;"ANN-RF";0.328632378699685;NA;NA
