"Taxa";"Prevalence";"Taxonomic level";"Null_model";"chGLM.fit";"hGLM.fit";"ada2020.fit";"rf2020.fit";"ada2021.fit";"rf2021.fit";"ada2022.fit";"rf2022.fit";"ada2023.fit";"rf2023.fit";"ada2024.fit";"rf2024.fit";"ANN.fit";"expl.pow_chGLM.fit";"expl.pow_hGLM.fit";"expl.pow_ada2020.fit";"expl.pow_rf2020.fit";"expl.pow_ada2021.fit";"expl.pow_rf2021.fit";"expl.pow_ada2022.fit";"expl.pow_rf2022.fit";"expl.pow_ada2023.fit";"expl.pow_rf2023.fit";"expl.pow_ada2024.fit";"expl.pow_rf2024.fit";"expl.pow_ANN.fit";"chGLM.pred";"hGLM.pred";"ada2020.pred";"rf2020.pred";"ada2021.pred";"rf2021.pred";"ada2022.pred";"rf2022.pred";"ada2023.pred";"rf2023.pred";"ada2024.pred";"rf2024.pred";"ANN.pred";"expl.pow_chGLM.pred";"expl.pow_hGLM.pred";"expl.pow_ada2020.pred";"expl.pow_rf2020.pred";"expl.pow_ada2021.pred";"expl.pow_rf2021.pred";"expl.pow_ada2022.pred";"expl.pow_rf2022.pred";"expl.pow_ada2023.pred";"expl.pow_rf2023.pred";"expl.pow_ada2024.pred";"expl.pow_rf2024.pred";"expl.pow_ANN.pred";"chGLM.likelihood.ratio";"hGLM.likelihood.ratio";"ada2020.likelihood.ratio";"rf2020.likelihood.ratio";"ada2021.likelihood.ratio";"rf2021.likelihood.ratio";"ada2022.likelihood.ratio";"rf2022.likelihood.ratio";"ada2023.likelihood.ratio";"rf2023.likelihood.ratio";"ada2024.likelihood.ratio";"rf2024.likelihood.ratio";"ANN.likelihood.ratio";"Big.model.diff";"Big.pred.expl.pow.diff";"chGLM.model.diff";"chGLM.pred.expl.pow.diff"
"Occurrence.Simuliidae";0.923019709929342;"family";0.542663038656323;0.491946594140437;0.493227476702145;0.475008419030396;0.138445120885355;0.444579114807645;0.138308965399084;0.442856989356704;0.1389621583711;0.440131698752367;0.137700898155852;0.442928319747363;0.138656405052226;0.46392998829415;0.0934584464080393;0.0910980819268327;0.124671508480558;0.744878292746533;0.1807455397949;0.745129195197174;0.183919010859385;0.743925514597086;0.18894107871771;0.746249719721449;0.183787565771774;0.744488945855701;0.145086443619088;0.484452677220513;0.50995962824384;0.488286639182372;0.564441696583407;0.47822985577764;0.571011344038234;0.478840034103618;0.540447440587392;0.479647584852643;0.536845124177982;0.483928782428333;0.55262753334028;0.505617856892125;0.107267967945529;0.0602646727027127;0.100202880241469;-0.0401329303374139;0.118735160290675;-0.052239241228044;0.11761074553877;0.00408282472013676;0.116122619958993;0.0107210443017217;0.108233382493528;-0.0183622137019505;0.0682655333518295;1.00375398708473;0.991668822452848;0.993382880123282;0.808157520902991;0.983315385531321;0.805452385922495;0.982169358788032;0.818122955679843;0.98043596592588;0.819081152274947;0.979708469828259;0.813031386706856;0.979371798989405;"ada2021-rf2021";0.170974401518719;"ada2021-chGLM";0.0114671923451459
"Occurrence.Limoniidae";0.865005578281889;"family";0.791543597715128;0.744889247357629;0.74412405633696;0.730615516009979;0.210538599594674;0.701113653710503;0.210613172860799;0.698638849360569;0.210807240119634;0.727659255025117;0.210231797705356;0.67356440872158;0.210239147013829;0.70196514747093;0.0589409736774733;0.0599076810362058;0.0769737534117196;0.734015156963665;0.114245057714648;0.733920944507978;0.117371612407375;0.733675768803954;0.080708558409695;0.734402756446755;0.149049514561304;0.734393471666367;0.113169319419393;0.776545409798135;0.73805027276356;0.725473791152668;0.745158955119579;0.711704053671123;0.738532715263269;0.718366779991588;0.746409035912796;0.722960003468485;0.764998216427204;0.704087797997847;0.753559599974846;0.676785016804207;0.0189480250491413;0.0675810215709942;0.0834695735688823;0.0586002372193311;0.100865630490184;0.0669715257692445;0.0924482466092487;0.0570209422862086;0.0866453780241752;0.0335362213332919;0.110487659769761;0.0479872465015534;0.144980745523284;0.984296524567565;1.00304150781417;1.00257416992924;0.765435613534285;0.994718794878351;0.768004434931125;0.990184524026999;0.765060091013112;1.00235238831218;0.757764059183946;0.984854174819809;0.762113162974979;1.01266965386345;"ANN-chGLM";0.126032720474143;"ANN-chGLM";0.126032720474143
"Occurrence.Limnephilidae";0.822238750464857;"family";0.935963459055595;0.825536703837281;0.826917527714532;0.68666313062358;0.22823117106488;0.704106417505846;0.227844338592834;0.695539151308287;0.227906830282289;0.701505128692644;0.228559867563012;0.725899147951363;0.229905955560366;0.754668911931875;0.117981908534908;0.116506611755007;0.266356903167528;0.756153759148707;0.2477201853411;0.756567057839273;0.25687360486263;0.75650029060723;0.250499448557023;0.75580257396626;0.224436444683632;0.754364389618003;0.19369831735381;1.10355051779561;1.09754497677356;1.09474326202072;1.16371296216249;1.0966020281226;1.16578985509858;1.1009760487118;1.16822395849978;1.13502565440749;1.16069304536281;1.10978978577574;1.16558411368372;1.225862871116;-0.179052993061414;-0.172636566261892;-0.169643164408727;-0.243331618241481;-0.171629103158677;-0.245550607579149;-0.176302384521195;-0.248151246928525;-0.212681588608977;-0.240105085442084;-0.185719137898329;-0.245330789793675;-0.309733685920725;0.870222017832147;0.873441848567122;0.815429699772237;0.62641580975673;0.821808560919644;0.625644626576872;0.816508097980898;0.624903173211736;0.805122964048896;0.627465500418796;0.825351998402896;0.626354309071234;0.790099035811052;"ada2020-ANN";0.140090521511998;"ada2020-chGLM";0.00940982865268714
"Occurrence.Rhyacophilidae";0.805875790256601;"family";0.984296306063927;0.91143558629516;0.90942378924945;0.822425474123312;0.268286007118135;0.843705628880643;0.269099055552272;0.822287621263728;0.268744259232318;0.817968587455692;0.268322514912455;0.825999212512488;0.26719584967628;0.846751848501999;0.0740231567668153;0.0760670504940549;0.164453357127709;0.72743369505167;0.14283369379439;0.726607675052277;0.164593409324119;0.726968131875866;0.168981350009692;0.727396604803444;0.160822602478768;0.72854124512083;0.139738874071315;0.827111126607067;0.837980996461332;0.785278769973664;0.819277796532869;0.795610312490943;0.796139014499398;0.79142857134696;0.803227722234805;0.797397355250506;0.801532773458377;0.805034465228866;0.803482835090093;0.761670504466385;0.159692948646148;0.148649658340882;0.202192708500663;0.167651253504085;0.191696334132874;0.191159197088675;0.195944791755056;0.183957394448823;0.189880780474333;0.185679384835241;0.182121826253626;0.183698211463257;0.226177625808425;1.04306368108387;1.03636707066283;1.01874690962849;0.759195548807545;1.02433913488143;0.768342271211779;1.01554917466592;0.76548800653326;1.01033869487844;0.765975473048615;1.010537506192;0.764798030289229;1.04345849507313;"ANN-hGLM";0.0775279674675429;"ANN-chGLM";0.0664846771622772
"Occurrence.Elmidae";0.764968389735961;"family";1.09056995358128;0.793352607113937;0.786229869376898;0.68263020190555;0.209049853925623;0.683978872942569;0.20948796890648;0.682095898416964;0.208002856046058;0.681002907514116;0.208656262635184;0.688062720340615;0.207993943529216;0.714759309893394;0.272533958496951;0.279065165150544;0.37406105893172;0.808311375864398;0.372824392698077;0.80790964557702;0.374550989437168;0.809271422375974;0.375553209330775;0.80867228007705;0.369079701782436;0.809279594723665;0.344600217944549;0.361308591268166;0.352559311203034;0.352723713306248;0.423156128727367;0.34308837684714;0.458299688311116;0.34458611133534;0.453048802797995;0.352778371346311;0.442716089420471;0.34810712694392;0.445299336447565;0.33159500644221;0.668697464035499;0.67672013148237;0.67656938269026;0.611986257884896;0.685404521075897;0.579761310307401;0.684031170853582;0.584576118835618;0.676519263906147;0.594050718189464;0.68080256951809;0.591682005372269;0.695943386892975;1.24112969338669;1.24213947893624;1.17933797664925;0.898477928939934;1.18583272349967;0.883021385349745;1.18382993899586;0.884685580495569;1.17834659838176;0.88955858305024;1.18527853393137;0.888116193104503;1.21116432829263;"ANN-rf2021";0.116182076585574;"ANN-chGLM";0.027245922857476
"Occurrence.Gammaridae";0.732986240238007;"family";1.16053196633123;0.675260856597769;0.66918710931221;0.518480861017075;0.155768918411265;0.564871862506819;0.155312001737425;0.546743930919061;0.154279363662751;0.52033968667692;0.154847956902087;0.513391407488747;0.155506588843108;0.558731967076712;0.41814540556564;0.423378994524641;0.553238621546859;0.865778002734647;0.513264710585665;0.866171715865432;0.528885074447822;0.867061513048649;0.551636920160105;0.866571571146286;0.557624070354803;0.866004045252879;0.518555297668343;0.527558317205155;0.510766176999595;0.463437262783645;0.405822585182316;0.470532764290036;0.417423825353025;0.462846366230489;0.408911682642416;0.458974823624671;0.402487884974343;0.455702231381229;0.416067122156395;0.428463851471122;0.545416815296424;0.559886162710132;0.60066824850271;0.650313307210972;0.594554240692289;0.640316822402903;0.601177408586446;0.647651512835876;0.604513415450657;0.653186731041351;0.607333322474664;0.641485858014148;0.630803921045263;1.07664666360229;1.08243211342467;1.02790402226278;0.882473222522693;1.04829973229776;0.877168728930566;1.04284106550827;0.880455264301582;1.03115798861624;0.883538895341201;1.02926462202653;0.877849364533636;1.06730209496788;"rf2023-chGLM";0.107769915744928;"rf2023-chGLM";0.107769915744928
"Occurrence.Heptageniidae";0.7244328746746;"family";1.17743548541178;0.958196992549157;0.956292502286271;0.807739227155536;0.25318659530668;0.862115985294395;0.253993262187145;0.791320116231882;0.25271362242052;0.86517401867964;0.253086552366572;0.838103395759691;0.251475188910252;0.857805702908306;0.186200004653294;0.187817494771846;0.313984301336862;0.784967755394145;0.267801933969327;0.784282650443208;0.327929108612576;0.785369452890119;0.265204735716741;0.785052722206636;0.288195908698487;0.786421258722041;0.271462671597412;1.05613698292671;1.07221301852703;1.00711325687569;0.973440768662377;1.01158289773272;0.983643239504238;1.0076732171877;0.970159307065209;1.0237815770536;0.961641450283218;1.02276949900956;0.959669192530984;1.17736814995011;0.103019234589022;0.0893658023632206;0.144655253426927;0.173253413267109;0.140859172102376;0.164588419755136;0.144179677211537;0.176040369867131;0.130498791876017;0.183274614874629;0.131358353233366;0.184949660154536;5.71882387713476e-05;0.952209700142176;0.94368745060463;0.905120663025277;0.697587666338392;0.927990803544014;0.694318153796966;0.897469133838034;0.698567937990701;0.923759262979818;0.701680259888769;0.911801422024201;0.701806887514897;0.852330238378677;"rf2024-ANN";0.184892471915765;"rf2024-chGLM";0.0819304255655148
"Occurrence.Nemouridae";0.707698029007066;"family";1.2083999653351;0.793604688051822;0.798539168341345;0.68622760035535;0.210632781746788;0.708264652363401;0.210038421499102;0.684343209075342;0.210063455858197;0.688394276121496;0.209415892040802;0.633223083687088;0.209880101149507;0.697687552015105;0.343259921534551;0.339176438887186;0.432118818238256;0.825692827053022;0.413882263587296;0.826184684273095;0.433678228478296;0.826163967325219;0.430325806132744;0.826699852657867;0.47598220634549;0.826315700785952;0.422635243272597;1.04222702668388;1.03475363023873;1.12125468208657;1.10993580023337;1.11702950598514;1.11795117575891;1.08603903635422;1.11801078579778;1.12112790312745;1.11463707673268;1.08591752053474;1.12417890779263;1.18266654145343;0.137514848906129;0.143699387684292;0.0721162576534548;0.0814830916305363;0.0756127623064177;0.0748500431735031;0.10125863330934;0.0748007134477652;0.0722211723859641;0.0775925945814012;0.10135919258025;0.0696963422364206;0.0212954523501118;0.883105002944656;0.888600762002938;0.804516710993406;0.637850397861963;0.81515057613649;0.635110437981776;0.818036834338577;0.635099458389119;0.805439801485009;0.635965735339346;0.797441167324893;0.633085747883176;0.78467199073505;"hGLM-ANN";0.12240393533418;"hGLM-chGLM";0.00618453877816236
"Occurrence.Empididae";0.688359985124582;"family";1.24081318179951;1.21827325920084;1.21992328396218;1.09524686047086;0.383597297646886;1.10655320593577;0.383844940772002;1.1285849631325;0.382555421114217;1.13722427293214;0.38167523116168;1.13442495072445;0.383149394640244;1.13134887962425;0.0181654441855468;0.0168356511227874;0.117315260237282;0.690850078582687;0.108203215305169;0.690650497268797;0.0904473133532113;0.691689750942677;0.083484694059381;0.692399116353561;0.0857407324773669;0.691211053960134;0.0882198092193947;1.2487717268501;1.25568394320412;1.16728535330424;1.16118538074733;1.18428097680675;1.17153357147427;1.1863011005278;1.18001398188736;1.20229602109287;1.17574264238826;1.19390523509737;1.16449916122382;1.14434015155953;-0.00641397526019212;-0.0119846900586873;0.059257775121825;0.0641738838853293;0.045560609624389;0.0558340379852934;0.0439325452624985;0.0489994793768861;0.0310418693737448;0.0524418505265086;0.0378041975941275;0.0615032316670125;0.077749843131157;0.984866446980474;0.982278574974359;0.964621727792737;0.677873869488938;0.961881626334975;0.674459050987725;0.971554348655339;0.671172376287105;0.967987723539032;0.672311364583891;0.970697744171049;0.676600094279983;0.993525415071049;"ANN-hGLM";0.0897345331898444;"ANN-chGLM";0.0841638183913491
"Occurrence.Hydropsychidae";0.686872443287467;"family";1.24316052010929;1.0136965139849;1.01746420993483;0.877492980013524;0.257169069860443;0.878410251557078;0.255713961281507;0.864789019504364;0.254868225323862;0.850155247228583;0.256593727627925;0.851127841531752;0.256205180657839;0.925895343890979;0.184581156184253;0.181550416477685;0.294143462715193;0.793132853158952;0.293405608247716;0.794303344463492;0.304362545692541;0.794983655609128;0.316133971859207;0.793595659227204;0.315351615689239;0.793908206934278;0.255208535893997;0.517072074427109;0.57027008835902;0.524976301268127;0.589268617931158;0.51511476843628;0.59251723286804;0.523676488626092;0.592454060410518;0.531800272816657;0.594197362328263;0.5299267359545;0.597736681171132;0.49699759293134;0.584066525550818;0.54127397135417;0.577708354813283;0.525991528528148;0.585640985131192;0.523378338288969;0.578753925856612;0.52342915429905;0.572219142890811;0.522026839883859;0.573726218471037;0.519179807030405;0.600214465556188;1.28186009179634;1.25056701540583;1.19274615214535;0.847004074329431;1.19919169407474;0.845014378500115;1.18596437886318;0.844683804473277;1.17254604013374;0.844676286984028;1.17421583788159;0.843019027334754;1.23917876693515;"ANN-rf2024";0.0810346585257836;"ANN-chGLM";0.01614794000537
"Occurrence.Leuctridae";0.680550390479732;"family";1.25290778493388;0.853557611999044;0.854454988091589;0.724145435733672;0.213694880474611;0.717191890857849;0.213141806437104;0.723984362304765;0.213626046878482;0.726699633615971;0.212384044783224;0.701909731778374;0.214309330216619;0.755192602266678;0.318738679523736;0.31802244477499;0.422028145693189;0.829440855069881;0.427578071202024;0.829882287427599;0.422156705377185;0.829495794145971;0.419989529672909;0.830487089842424;0.439775424641154;0.828950436102582;0.397248056602558;1.04773461614973;1.02393813974313;0.99111067142188;1.02354913560913;1.01676649308752;1.01727016052991;0.988643181817007;1.02002341205439;1.0089985983808;1.02912690962563;0.983549100515192;1.02143263221675;1.02783153936668;0.1637575975274;0.182750596607423;0.208951621707589;0.18306107766491;0.188474598598507;0.188072599785469;0.210921032094008;0.185875110427041;0.194674491998587;0.178609214500219;0.214986839141478;0.184750350744561;0.179643105640914;0.907475689097405;0.918749680853245;0.875042678973686;0.667025416852261;0.860891067523042;0.668937813859622;0.876052367346911;0.668179330535964;0.86835949754896;0.664731929972636;0.868645928016197;0.667936846555029;0.872563831255025;"ada2024-chGLM";0.0512292416140784;"ada2024-chGLM";0.0512292416140784
"Occurrence.Ceratopogonidae";0.595760505764225;"family";1.34938646630396;1.21216009303709;1.21371733657302;1.1056445106527;0.392864763107411;1.11033540412625;0.392974465966609;1.1441907330767;0.391775033865688;1.08742460242282;0.394125465187252;1.13920996148672;0.393277756635552;1.12051801484772;0.101695382822941;0.100541344617566;0.180631688354548;0.708856748664831;0.177155372569051;0.708775450340046;0.152065948748773;0.709664322528164;0.194134053084635;0.707922470671592;0.155757086695054;0.708550688437865;0.169609268487123;1.24170930172258;1.15984657850689;1.12157946146636;1.03714269248054;1.11562424222015;1.05077459714946;1.1203545244837;1.04631739372053;1.11306491082292;1.03626753769248;1.13160614423448;1.04317224144324;1.09984080850736;0.0797971280061193;0.14046375336506;0.168822654240467;0.231396847100942;0.173235933456557;0.221294548753266;0.16973042752355;0.224597682095889;0.175132596466855;0.232045404656483;0.161392104862286;0.226928483801576;0.184932681650589;0.985334004581458;1.0273014154077;0.992064180796217;0.724597489870094;0.997359074349084;0.719714937439953;1.01198940788783;0.720888226100839;0.987261673920505;0.725371721471086;1.00380914504855;0.722565473453954;1.01039223118151;"rf2023-chGLM";0.152248276650364;"rf2023-chGLM";0.152248276650364
"Occurrence.Psychodidae";0.517664559315731;"family";1.3850459547219;1.33715348373285;1.33964892080566;1.21266771660342;0.441374877991382;1.20883055537671;0.439754035459492;1.20829681150847;0.440753431765873;1.22782468211835;0.442701581560821;1.22293669994905;0.443522928945359;1.23454726464499;0.0345782541191347;0.0327765542807222;0.124456692235231;0.68132835124593;0.127227113832892;0.682498595833385;0.127612475680576;0.681777033994247;0.11351339792557;0.680370474314182;0.11704250983167;0.679777463387911;0.108659708772712;1.34653258893902;1.35987660023887;1.30146283996097;1.26659435842659;1.28403033035819;1.25752387816733;1.29026237827266;1.26220035722006;1.29304018561842;1.26464549994229;1.29686815518338;1.26223775563691;1.26685228646293;0.0278065616895783;0.0181722161616555;0.0603468169962013;0.0855217806250253;0.0729330489138815;0.0920706465513455;0.0684335246250178;0.0886942394099161;0.0664279540977063;0.0869288519771798;0.0636641688587327;0.0886672378387932;0.0853355571748492;0.995321426180154;0.989937133171695;0.956573584867002;0.661920553399394;0.96309821145232;0.664390685103602;0.959845655101439;0.663170297551356;0.967918149337646;0.663005522551474;0.963709163392463;0.664076839975918;0.983977241347772;"rf2021-hGLM";0.0738984303896899;"rf2021-chGLM";0.0642640848617672
"Occurrence.Leptophlebiidae";0.450353291186315;"family";1.37641891352558;1.14140095701672;1.14316216280301;1.00093539253348;0.30253456918188;1.00282902818319;0.302383204157028;1.0048344512486;0.301882726642091;0.996351328243719;0.302444564908074;0.995100775579292;0.303260024749494;1.05036933680167;0.170745951105015;0.169466394591384;0.272797414582402;0.780201676823109;0.271421644726945;0.780311646995246;0.269964658742736;0.780675255421445;0.276127842728018;0.780267066998238;0.27703639800297;0.779674616666869;0.2368825170302;1.29893732781179;1.28425744326498;1.27242748296299;1.23486855095646;1.2838713798692;1.23995351234266;1.2970138482466;1.23976618181248;1.30705431061643;1.24842876984594;1.29768139494652;1.23723023009959;1.36653727149632;0.0562921541925952;0.0669574279712072;0.0755521662342076;0.102839594238465;0.0672379119081758;0.0991452528310421;0.0576896063390974;0.0992813527700496;0.050394979484463;0.0929877833135849;0.0572046183072162;0.101123780019466;0.00717924022414959;0.924254155222786;0.931883343330557;0.873064323200525;0.62740250479803;0.868905264936484;0.625762011122106;0.864080193012092;0.625664041048585;0.856114207994027;0.623134992386186;0.859598112776206;0.626889429318353;0.853778089477232;"rf2020-ANN";0.0956603540143153;"rf2020-chGLM";0.0465474400458697
"Occurrence.Sphaeriidae";0.428783934548159;"family";1.36593829332975;1.00911956325111;1.00872728950957;0.865758982744528;0.287239586059434;0.872420007688203;0.286882966874757;0.893220824201218;0.28516164098728;0.869599440375918;0.285815672321361;0.89370350925424;0.286099089313029;0.893802132086667;0.2612260977096;0.261513280332313;0.366180019278862;0.789712619184847;0.361303499617467;0.789973699195868;0.346075273998059;0.791233877562551;0.36336842987534;0.790755062862593;0.345721901480881;0.790547573993548;0.34564969995252;1.22653908645081;1.24329926163838;1.21071145676843;1.22048165555782;1.20369171632566;1.22702084264414;1.20952910098047;1.22874171403582;1.20487667605828;1.22013672655695;1.23688579759107;1.22934763507335;1.19326502208176;0.102053809868036;0.0897837276326824;0.113641177877025;0.106488439838199;0.118780312255965;0.101701117366707;0.114506777585103;0.100441271735257;0.11791280620653;0.106740961494961;0.0944790085825134;0.0999976784627915;0.126413668971139;0.896990720873167;0.889330820570305;0.841578286988942;0.62711770120334;0.847354738584278;0.624959183433503;0.853718181080743;0.623884492123265;0.845659385685417;0.626779467234851;0.842323491647037;0.623987918062078;0.860939154898456;"ANN-hGLM";0.0366299413384565;"ANN-chGLM";0.024359859103103
"Occurrence.Taeniopterygidae";0.440684269245073;"family";1.37218774001095;1.16268333214661;1.15969710839224;0.972412832518459;0.299193844299804;0.966264862484637;0.297627720458436;0.972459892716445;0.298387679666893;0.978969642631962;0.299356369032493;0.994856074789531;0.298475817956803;1.0201307896045;0.152679113619441;0.15485536375439;0.291341261720717;0.781958520998434;0.295821676356818;0.783099854502372;0.291306965977786;0.782546024158099;0.286562899458531;0.781840078945681;0.274985451493983;0.782481792211304;0.256566168127725;1.1236846409216;1.13746676776509;1.02771956997316;1.08771516157273;1.02094468488533;1.08951386708983;1.01625776656259;1.08051691185724;1.02319602263213;1.08062337828902;1.03121237619405;1.09179903614093;1.11114474635258;0.181099926667004;0.171056019086706;0.251035743866243;0.2073131614162;0.255973031155937;0.206002330933857;0.25938868499548;0.212558981288803;0.254332338937841;0.212481392465728;0.248490315045505;0.204336983704416;0.190238541015011;1.0196906995876;1.01117717333088;0.972725485442896;0.674178302938455;0.973030441360884;0.673045009067608;0.978339104015255;0.676336452406748;0.978129514305279;0.676628091666866;0.981986075265482;0.672561575852318;0.955512934622029;"ada2022-hGLM";0.0883326659087738;"ada2022-chGLM";0.0782887583284753
"Occurrence.Perlodidae";0.443659352919301;"family";1.37357028038428;1.09977114902665;1.0962455819049;0.954302471261361;0.291500153845885;0.963924041389492;0.293552648494708;0.96794991252492;0.293222419188999;1.01068096792999;0.292974304801966;0.953253764078721;0.293172710725301;1.00371382581623;0.199333907603934;0.201900625282748;0.305239429762286;0.787779221777911;0.298234640662278;0.786284944653446;0.295303686787604;0.786525361405633;0.26419420806977;0.786705996055767;0.306002919769034;0.786561550645024;0.269266494659874;0.863833341515836;0.893481205676717;0.827262451696317;0.830504874880027;0.825460237769671;0.826551550496148;0.801726693393408;0.823605675996239;0.828858567509026;0.821687065646937;0.789659384173352;0.81798691667638;0.823634842136738;0.371103645840268;0.349519119308006;0.397728340871736;0.395367760397613;0.399040406189676;0.398245898080363;0.416319132087577;0.400390582296364;0.396566321107983;0.401787387670433;0.425104491957681;0.404481206125446;0.400369348478979;1.12520912104527;1.10669952835277;1.06558080762836;0.763759476652954;1.07168470595677;0.766056424290504;1.08666308377528;0.76705894560997;1.09517174991952;0.767699897685403;1.08523569080733;0.769197817238083;1.09421749551393;"ada2024-hGLM";0.0755853726496753;"ada2024-chGLM";0.0540008461174138
"Occurrence.Athericidae";0.368910375604314;"family";1.31674643300699;1.14594375760396;1.14346877089525;0.984671805141671;0.318336690388223;0.992577284424549;0.318453137205614;1.00939307079777;0.31766886497601;0.990994148915682;0.317601207878029;0.984743408942082;0.317220607169123;1.03918486990633;0.129715692498958;0.131595315368376;0.252193299743352;0.758239944754395;0.246189501984944;0.75815150949118;0.233418792339037;0.758747123202328;0.24739181054579;0.758798505227207;0.252138920404539;0.759087551545744;0.210793480159127;1.07946680331056;1.0411949327484;0.968642020041403;0.883981858895503;0.97897658142606;0.88572019819864;0.982791345667536;0.879342327795578;0.973412882739339;0.881762457460328;0.980181585207333;0.874748161688093;0.982937165992217;0.18020146001426;0.209266942633234;0.264367082560186;0.328662044007368;0.256518524078765;0.32734186628783;0.253621410294477;0.332185525054004;0.260743862038494;0.330347563238362;0.255603386774371;0.335674553763194;0.253510667389826;1.03379704681691;1.05246698622301;1.00804709778443;0.753653485995004;1.00682352639219;0.75304256127914;1.01338971252763;0.755151617955919;1.00882938416883;0.754212873826262;1.00228351512574;0.756718636253867;1.02852306112733;"rf2024-chGLM";0.155473093748934;"rf2024-chGLM";0.155473093748934
"Occurrence.Psychomyiidae";0.336184455187802;"family";1.27694430252207;1.05769561065524;1.05840339308436;0.906938856522656;0.292903533303419;0.919398454944468;0.29384090780014;0.903064809735065;0.291376970975142;0.968490043052625;0.292447181448244;0.900844226510883;0.292665730627699;0.924476869553379;0.171697928745832;0.171143650514805;0.289758484585916;0.770621527716667;0.280001129940766;0.76988745145753;0.292792326218585;0.77181700846337;0.241556549381382;0.770978905759134;0.294531308271127;0.770807755632207;0.276024124366693;1.358841785341;1.33044627979021;1.2652620124396;1.22686091815099;1.27784135180047;1.21906222425473;1.27289724789947;1.22427732055897;1.28303950018808;1.22397284017422;1.28576865335871;1.21801840729967;1.24830772929816;-0.0641355168406092;-0.0418984423693911;0.00914862931718641;0.0392212755655553;-0.000702496793809851;0.0453285849296768;0.0031693274441256;0.0412445412529597;-0.0047732682263187;0.0414829857835043;-0.00691052132752208;0.0461460183549262;0.0224258592699377;0.860214856891633;0.872823916016775;0.835970814026446;0.626893447849988;0.835920765559528;0.629637729061498;0.831173917448756;0.62722485966126;0.854469279447552;0.627656127999637;0.824925488724432;0.629596375745078;0.850513129502733;"rf2024-chGLM";0.110281535195535;"rf2024-chGLM";0.110281535195535
"Occurrence.Nematoda";0.335812569728524;"phylum";1.27643766236218;1.23825138492251;1.23678819942088;1.16459670597803;0.406019062154389;1.15045574257571;0.405804626350937;1.13665781913987;0.407448975619203;1.16698972942178;0.405295551383274;1.17068425782386;0.406747441885833;1.16854753417454;0.0299162885628122;0.0310625924872241;0.08761959920328;0.681912345485788;0.0986980590601854;0.68208034100157;0.109507770997316;0.680792107884707;0.0857448320177732;0.682479165779837;0.0828504263518918;0.681341710700462;0.0845244005006681;1.30454135577212;1.29731313119431;1.26173193080399;1.32710647039825;1.26703981927971;1.33996057866824;1.25185372039581;1.32222804600114;1.26441313319294;1.3353476486054;1.26437909162127;1.32038758997305;1.21045090206569;-0.0220172862636535;-0.0163544757787031;0.011520916368901;-0.0396954818320736;0.00736255546164213;-0.0497657803268696;0.0192598061709296;-0.0358735761166895;0.00942038105252225;-0.0461518709297569;0.00944705025280604;-0.0344317070130418;0.0516960304777981;0.96739829076867;0.970190858124305;0.952592930021842;0.630940507278044;0.943374405697622;0.626831210616746;0.944029417583339;0.632933742070493;0.952455681297235;0.628118743355693;0.954232986311309;0.633294275890714;0.979266277709227;"ANN-rf2021";0.101461810804668;"ANN-chGLM";0.0737133167414516
"Occurrence.Hydraenidae";0.317218296764597;"family";1.24950976125645;1.14516939086078;1.1447278750475;1.02637429194326;0.35186154511951;1.04158551044397;0.352244293576923;1.02421692768211;0.351614104944145;1.0778498313413;0.350426051803911;1.03372715809793;0.352163188973106;1.05878534413655;0.0835050462436959;0.0838583974754891;0.17857841229573;0.718400323046941;0.166404663060337;0.718094004145496;0.180304980849282;0.71859835285274;0.137381823846282;0.71954916826617;0.172693811484544;0.718158913285329;0.152639397493075;0.990495499755005;0.994252437569395;0.930916660575305;0.950521365464635;0.95265690367246;0.948145799403502;0.937126829352456;0.949874857397947;0.970847653559126;0.942101311787054;0.940021324925429;0.945988815545357;0.901395195137617;0.207292707534346;0.204285978070614;0.254974479239587;0.239284561883826;0.237575461023599;0.241185760365657;0.250004394995582;0.239801971260475;0.223017151476362;0.246023247677777;0.247687890024814;0.242912024477411;0.278600917666128;1.08040605308389;1.07814041460396;1.04888617527292;0.741314801793772;1.04546765638872;0.742337896826376;1.04450704742231;0.74146273401941;1.05495814050148;0.74390820659628;1.04796785905327;0.743108798751857;1.08187438068205;"ANN-hGLM";0.0743149395955139;"ANN-chGLM";0.0713082101317819
"Occurrence.Planariidae";0.326143547787281;"family";1.26282770894167;1.21661148983297;1.217521366272;1.04737146784216;0.354775590527498;1.07583214162566;0.353929436677961;1.0479535948764;0.354950497778833;1.076188566015;0.353385323498051;1.04791753103607;0.351647220653793;1.08415694852724;0.036597406583224;0.0358768993971739;0.170614122238477;0.719062554602304;0.148076864319615;0.719732601548174;0.170153151173212;0.718924050157004;0.14779462123387;0.720163470443478;0.170181709178451;0.721539828304452;0.141484669008539;1.08413774465243;1.07128684113318;1.02032125496459;0.937147677487909;1.02699202611692;0.943275949823859;1.0191207923559;0.946919188858964;1.02335970472878;0.945302491880755;1.00808957436843;0.94205086375338;1.00148395379999;0.141499876051176;0.151676168057011;0.19203447331728;0.25789743854029;0.18675206534896;0.253044621095315;0.192985088037077;0.250159636065839;0.189628404981376;0.251439855819303;0.201720419000563;0.254014734485926;0.206951235937563;1.06847978076621;1.07585668723767;1.01361698444352;0.747376620535614;1.02472066936129;0.744774898016243;1.01452081874428;0.743799071701809;1.02676638376339;0.74381823321588;1.02011358438214;0.744381340109144;1.04220274502361;"rf2020-chGLM";0.116397562489115;"rf2020-chGLM";0.116397562489115
"Occurrence.Sericostomatidae";0.276682781703235;"family";1.17958594850796;1.11228743786128;1.11298936116368;1.00020614556653;0.307454299976543;0.996546256959888;0.306899392665579;1.01003725953842;0.305987226297564;0.981185235914816;0.307395429302829;0.978167582012281;0.306282552234892;1.00379053322094;0.0570526554099775;0.0564575963527901;0.152070142212465;0.739354050151719;0.155172831432586;0.739824475652858;0.143735765235249;0.740597769340503;0.168195215316102;0.739403958065414;0.170753446792454;0.740347405271906;0.149031459309417;1.04764524122398;1.0636427372279;0.974963049104199;0.920971414126457;0.997031676829161;0.932193347922285;0.979271418844447;0.920816726694967;0.98945749484432;0.912767833341396;0.983557968782572;0.925340574973585;0.977234717680012;0.111853407079721;0.0982914483058389;0.173470105898249;0.219241789636966;0.154761314264306;0.209728338065233;0.169817663491913;0.219372926695428;0.161182365646294;0.226196417059782;0.166183718934039;0.215537811259932;0.171544287284788;1.03284909817416;1.02498021705287;1.01270153614054;0.735828239984132;0.999757319517037;0.731508105718581;1.01550184649415;0.735345552938078;0.995872412537722;0.738830903643908;0.997308435387732;0.733792482765007;1.01336645064186;"rf2023-hGLM";0.127904968753943;"rf2023-chGLM";0.11434300998006
"Occurrence.Tipulidae";0.274823354406843;"family";1.1759949175073;1.12200724619379;1.12923020732516;1.10620868172605;0.388689753300009;1.08164031332759;0.387106472117277;1.11501098990508;0.385144759448625;1.09599515675323;0.385711696967505;1.11797908006758;0.385756018517247;1.09207765122568;0.045908082177721;0.0397660818817694;0.0593422936972933;0.669480073839182;0.080233853714019;0.670826407194166;0.0518573054137701;0.672494537421132;0.0680273014475571;0.672012445610666;0.0493334083132672;0.671974757055144;0.0713585280279032;1.24901493797416;1.27691406572716;1.24918603629954;1.26153036161807;1.23623242491402;1.26914900765063;1.25440132904231;1.2631304636365;1.24092442241935;1.26678167443085;1.25675328025843;1.26915685175278;1.26792730289655;-0.0620921224911791;-0.0858159731113295;-0.0622376148932514;-0.0727345355302052;-0.0512225916200442;-0.0792130040330312;-0.0666724068001958;-0.0740951723787195;-0.0552124026604447;-0.0771999568807569;-0.0686723739608639;-0.0792196742167495;-0.0781741349563999;0.938470510039198;0.928818501320621;0.931006819058437;0.646346006922241;0.925615779124125;0.643379023192501;0.932678085240454;0.644685387763924;0.930098641032496;0.643691961004421;0.932965459150119;0.642942221411587;0.915829720869792;"ada2021-hGLM";0.0345933814912853;"ada2021-chGLM";0.0108695308711349
"Occurrence.Polycentropodidae";0.256972852361473;"family";1.13973348306801;1.04407685806528;1.04570239188418;0.90744198490216;0.276782389990545;0.884287619279936;0.277003434303661;0.905163805041018;0.277043592062421;0.899697262396587;0.276744387445455;0.88777282888175;0.27709676001984;0.944614408923822;0.0839289416550543;0.0825027013602392;0.203812120655218;0.757151655099678;0.224127717210208;0.756957711237889;0.205810991351733;0.75692247689639;0.210607325517257;0.757184998460783;0.221069800904694;0.756875827431223;0.171197106203243;1.27622227434088;1.29656550849008;1.23116209235849;1.21764215433606;1.24035456316693;1.21923680259541;1.25320837991667;1.21266694702741;1.24871177800121;1.22655168555109;1.23312213066312;1.2201051971896;1.41090327258263;-0.119755007026259;-0.137604122149598;-0.0802192886747289;-0.0683569206533569;-0.0882847451564409;-0.0697560620166989;-0.0995626596344247;-0.0639916831811235;-0.0956173496279578;-0.07617412647155;-0.0819390225719422;-0.0705179897893661;-0.237923859870003;0.89041048085591;0.882116135886381;0.850560228944538;0.624733648691156;0.836914409868097;0.624304727697316;0.84027816980227;0.62637147240358;0.839870758591156;0.621944978565978;0.841411322741322;0.624062834988805;0.792039169596503;"rf2022-ANN";0.17393217668888;"rf2022-chGLM";0.0557633238451356
"Occurrence.Odontoceridae";0.246931944960952;"family";1.11787874294149;1.03339744298942;1.03179409121712;0.888151630052758;0.267601990006872;0.922881825919167;0.266853845749265;0.895462929519103;0.267685149618542;0.926716503954842;0.266408743061894;0.887439443813362;0.266902183602285;0.893002665855084;0.0755728655594366;0.0770071461398854;0.20550271157697;0.76061626388679;0.174434766072412;0.761285517383496;0.198962378367746;0.76054187333934;0.171004449448281;0.761683684617807;0.206139798777968;0.761242276689168;0.201163210684805;0.966513874679004;0.928501987507073;0.932193902295992;0.971158774845287;0.94122486629703;0.976808290409535;0.941868637067845;0.962464600108778;0.9574227817438;0.963982377086919;0.934346705496581;0.960499087844726;1.2202960815438;0.135403655555875;0.169407242628217;0.166104635067038;0.131248553586532;0.158025973532358;0.12619477150156;0.157450087484896;0.139025939811474;0.143536105513088;0.137668210283361;0.16417884193949;0.140784191568619;-0.0916175741322561;1.03400724636871;1.05300296809864;0.978219559065137;0.703435991453083;0.99087040991684;0.701189414487673;0.97706426249554;0.706529922047806;0.984764119679759;0.705543524114953;0.976819267906084;0.706947797729097;0.849041928752953;"hGLM-ANN";0.261024816760473;"hGLM-chGLM";0.0340035870723427
"Occurrence.Dugesiidae";0.223131275567125;"family";1.06168527830838;0.935209386565998;0.937844652042187;0.908494747099243;0.253100263566281;0.870128440297764;0.253434479564899;0.815144790274487;0.251121445781487;0.862138197949045;0.25271996318981;0.827945105811485;0.252767978266273;0.886513008790547;0.119127479985316;0.116645326818054;0.144289964586516;0.761605186831306;0.180427139684779;0.761290389211477;0.232216169020181;0.76346903276119;0.187953138690295;0.761963391267442;0.22015956825673;0.761918165928593;0.164994535665922;1.26546951207626;1.28981046248304;1.2724850405518;1.21346453585713;1.2458474919582;1.21905450359278;1.23145677378089;1.20638105574353;1.23495832225682;1.21077767775575;1.22624934850612;1.19047073084114;1.3129999930832;-0.191944108043553;-0.214870817967951;-0.198552025303855;-0.142960687738441;-0.173462152497058;-0.148225871168845;-0.15990755352943;-0.136288766917527;-0.163205657541489;-0.140429939543774;-0.155002686351595;-0.121302852327341;-0.236713007055388;0.847783431868014;0.838632319449182;0.833605386121031;0.61867069924731;0.828731114371657;0.61704704376311;0.812080348993696;0.620251768601487;0.829933200999372;0.619384610677926;0.819425231781038;0.625720573160492;0.807959381499279;"rf2024-ANN";0.115410154728047;"rf2024-chGLM";0.070641255716212
"Occurrence.Lymnaeidae";0.216065451840833;"family";1.04376566858319;0.849135285383727;0.847442283597227;0.726143557445929;0.235013172424542;0.733556257787424;0.234983718971974;0.780775086707221;0.235423633155273;0.736852627698482;0.236279835732476;0.737814750470653;0.235136845704346;0.78603331553158;0.186469424179905;0.1880914374703;0.304304041316477;0.774841059158853;0.297202159577488;0.774869277611955;0.251963242125938;0.774447809272326;0.294044008269893;0.77362750774012;0.293122227834753;0.774722571567695;0.246925493728352;1.31767099169659;1.44937003915659;1.23307719937219;1.21153742475278;1.23338496134053;1.20761959482535;1.26103396730111;1.21293543022711;1.24172599996998;1.20812896731346;1.23762872597942;1.21124616351103;1.23399400440555;-0.262420322259887;-0.388597156221827;-0.181373594176528;-0.160736994154375;-0.181668451516264;-0.156983440990712;-0.208158119449209;-0.162076380490222;-0.189659745808176;-0.157471455210231;-0.185734272769656;-0.160457945656695;-0.182251957070578;0.791149875521032;0.740104506481907;0.776105494930786;0.613691987230984;0.778867488831467;0.614886280563301;0.78652604631224;0.61338903788306;0.776905400165221;0.615128207273496;0.778873224450042;0.613819321434918;0.799330845512761;"rf2021-hGLM";0.231613715231115;"rf2021-chGLM";0.105436881269175
"Occurrence.Erpobdellidae";0.209743399033098;"family";1.02723298994066;0.661290084011761;0.659167108637929;0.619600749622718;0.17180132567356;0.623127469934254;0.170344349254142;0.62490735369367;0.171090566998413;0.624290288243123;0.171727803729229;0.671369019927473;0.171426860760286;0.603381332542777;0.356241387798537;0.358308080938868;0.396825495588388;0.832753301971461;0.393392272214459;0.834171652466125;0.391659574981362;0.8334452177122;0.392260281400051;0.83282487477437;0.34642965471129;0.833117839439534;0.412614919447213;1.30059242789505;1.3052590589284;1.4143263978886;1.29372863956329;1.40702693121476;1.29397239901481;1.43817862427888;1.30657348318839;1.47370089560469;1.30819277418306;1.55808468944026;1.29169883478321;1.31883257738431;-0.266112401598563;-0.27065531550325;-0.376831168526133;-0.259430579267144;-0.369725218128008;-0.259667876408008;-0.400051048167709;-0.271934893041026;-0.434631588000119;-0.273511254986689;-0.516778281751111;-0.257454586673489;-0.283868986198045;0.726402382416784;0.723940570329939;0.672090130870889;0.570658879404574;0.675738082027582;0.570173815661996;0.665886771743525;0.566804145063585;0.65396247707055;0.566525897169093;0.641877479916404;0.571131392116595;0.69926491130114;"rf2024-ada2024";0.259323695077622;"rf2024-chGLM";0.00865781492507411
"Occurrence.Scirtidae";0.198214949795463;"family";0.995835677331573;0.970882070619328;0.969767677113267;0.845338932947753;0.268511527064107;0.840543616330276;0.26796506767533;0.834083772106787;0.269034119425812;0.850820980912401;0.26757583651318;0.842807619138869;0.267221542005781;0.874609240755679;0.025057956126969;0.0261770097333302;0.151126082153523;0.730365628410094;0.155941451522821;0.73091437294819;0.162428309114425;0.729840850704694;0.145621109707328;0.731305231772603;0.153667981250437;0.731661007846371;0.121733373623177;0.52712168265767;0.513429602304892;0.524778368918674;0.639743511803406;0.516737786079411;0.627475917108777;0.516800187262016;0.640455565514508;0.523629403601796;0.632853974144991;0.53720691708395;0.642118223163172;0.557016505312238;0.47067403321988;0.484423370248523;0.473027146080102;0.357581249230141;0.481101352520273;0.36990014377658;0.481038690392349;0.356866217897853;0.474180916067493;0.364499597121508;0.460546624997969;0.355196607452565;0.440654198286195;1.24842180045817;1.25629766878167;1.17383983108146;0.830592487602365;1.1757460886183;0.835474522843585;1.17191808154862;0.830513808742325;1.17773816373945;0.833068781983047;1.16509234623123;0.829071946451123;1.17209924513822;"hGLM-rf2024";0.129226762795958;"hGLM-chGLM";0.0137493370286427
"Occurrence.Ephemerellidae";0.197471178876906;"family";0.993753370585415;0.727978050634292;0.727086350280393;0.602544988810314;0.15924573046292;0.622120655348761;0.172256426534543;0.603259354924799;0.173125836782235;0.601795181541986;0.172771489008086;0.624821276452018;0.171401288463983;0.633364475291486;0.267445955724967;0.268343261213725;0.393667476614084;0.839753267584784;0.373968759489819;0.826660787642846;0.392948620069161;0.825785912373562;0.394421997092225;0.826142487540639;0.371251162565679;0.827521301021589;0.36265426207473;1.1437777734486;1.15954777056393;1.06544187499807;1.00649611777864;1.06202063624004;0.986638256253768;1.03734385740802;0.994396786668391;1.06440358872719;1.00061463602426;1.08062054319641;1.00256249845373;1.06235647234717;-0.150967440517765;-0.166836566180246;-0.0721391308292395;-0.0128228467650077;-0.0686963865233544;0.00715983919375834;-0.0438644920488922;-0.000647460528961125;-0.0710943179998012;-0.00690439463345169;-0.0874132105431955;-0.00886450112177043;-0.0690343336610144;0.812288374054131;0.805549432009612;0.793383598852413;0.654669210102655;0.80255893257348;0.665517121064467;0.804895960732846;0.663228651003421;0.793498044360617;0.661052793284539;0.796204168152724;0.659956995119218;0.806948040705559;"rf2021-hGLM";0.173996405374004;"rf2021-chGLM";0.158127279711523
"Occurrence.Asellidae";0.188174042394942;"family";0.967128897507618;0.622841777919784;0.629330967749307;0.52728362503396;0.157734936209858;0.613537509852717;0.159049904522931;0.577573799713611;0.158554997663657;0.577822666003217;0.157992799389229;0.581252212911245;0.158205007425211;0.566003694043223;0.355988866091267;0.349279119493635;0.454794881641093;0.836903915686569;0.365609370753102;0.835544253787869;0.402795427577366;0.836055981708056;0.402538102736542;0.836637288166663;0.398991991233861;0.836417867532528;0.414758781893636;1.2228177159081;1.2558791883321;1.27435617786902;1.13330611781282;1.28147122878298;1.13467826718426;1.26770739554188;1.14528199173115;1.28812477965372;1.14519520612928;1.26555485246928;1.14157166620581;1.23184399759188;-0.264379256022041;-0.298564432898879;-0.317669424575318;-0.171825307602181;-0.325026304234578;-0.173244094048301;-0.310794661196535;-0.184208221554181;-0.331905998231817;-0.184118486254065;-0.308568956765463;-0.180371788236031;-0.273712326005828;0.740827133523674;0.731049496911517;0.68829601692975;0.613984502856151;0.716077513025769;0.613966948965244;0.708173047405433;0.610569288598405;0.701067534173633;0.610424169658296;0.710240723108068;0.611596009651405;0.716827429268947;"rf2020-ada2023";0.160080690629636;"rf2020-chGLM";0.0925539484198598
"Occurrence.Ephemeridae";0.178133134994422;"family";0.93710166506216;0.744437530414678;0.745087126605204;0.687405878775814;0.171479032979314;0.692053932559911;0.171820205494149;0.678464024664418;0.172563421113786;0.69388102593874;0.173169256025023;0.67836233216115;0.172251589119904;0.655515441529178;0.205595765999095;0.204902568862919;0.266455386427878;0.817011281302184;0.261495354920743;0.816647209262239;0.275997418466422;0.815854108953761;0.259545626895547;0.815207610357265;0.276105936578233;0.816186871134758;0.300486312244791;1.09561173992298;1.11334537533013;1.08282498567375;1.06159906471592;1.09103976294425;1.05107640881619;1.0786856706147;1.05493016046933;1.08166980859115;1.06306305422419;1.07611264592629;1.05566772115376;1.14397920234038;-0.169149283125332;-0.188073201487995;-0.155504280959662;-0.132853674574895;-0.164270434704523;-0.121624737211909;-0.151087134759435;-0.12573715296873;-0.154271568303531;-0.134415927170154;-0.148341408458509;-0.126524218782322;-0.220763173294002;0.838964316210156;0.831828387581569;0.820608161338466;0.640785817561034;0.819146024284531;0.644275981701722;0.818640023927618;0.643274738675868;0.823744894280877;0.64085830528187;0.819652214883435;0.642937303308706;0.783305979894306;"rf2021-ANN";0.0991384360820933;"rf2021-chGLM";0.0475245459134235
"Occurrence.Chloroperlidae";0.185570844179993;"family";0.959473050927388;0.798580812907139;0.799792170897865;0.676582427958344;0.225830260943893;0.726437577120637;0.225568454730819;0.662314547209112;0.226337599184696;0.658106953707896;0.226817113909932;0.678008348112394;0.22543176362824;0.736719627019416;0.167688126169606;0.166425601923036;0.294839571258008;0.764630949534628;0.242878602563676;0.764903814116724;0.309710109555505;0.764102181957141;0.314095426576289;0.763602413125935;0.29335342200903;0.765046278881573;0.232162251657477;0.555786370972755;0.575581271066384;0.501343057787494;0.434774033871075;0.524065669131866;0.438538620900448;0.497095478073372;0.444698429193153;0.481382562797776;0.43618974870298;0.50209569220859;0.439719910604577;0.491998671610981;0.420737903544498;0.40010689147543;0.477480834607167;0.546861651350353;0.453798448403188;0.542938052844137;0.481907826808789;0.536518061905621;0.498284436094905;0.545386138483642;0.476696409843627;0.541706866931216;0.487219916040961;1.12907331489818;1.11863081395093;1.09157290162111;0.900800121727923;1.10648237745195;0.898988458195797;1.08611763434951;0.896568648469389;1.09238370679815;0.90060698302563;1.09194043371174;0.898396228587366;1.13016142635656;"rf2020-hGLM";0.146754759874923;"rf2020-chGLM";0.126123747805855
"Occurrence.Stratiomyidae";0.172182967645965;"family";0.918661513424507;0.889981685852596;0.885954456002317;0.831067908331695;0.285604270044736;0.795588583342163;0.285108668949927;0.831223367528394;0.286638099835929;0.830863720285836;0.287063281106106;0.839970345366416;0.284991078571679;0.845226202876118;0.0312191456296029;0.0356029472708262;0.0953491615930313;0.68910826689573;0.13396983359362;0.689647748617308;0.0951799380058594;0.687982901594054;0.0955714284920741;0.68752007468342;0.085658500882173;0.689775750472757;0.0799372886261915;0.819759954596525;0.822480385708817;0.795004980907954;0.917685995909683;0.792553781341839;0.907436278245432;0.801989943184663;0.921329330794316;0.80242836084425;0.911063344367527;0.801130495811842;0.914047341817227;0.753864597803115;0.107658323966686;0.104697025302774;0.13460510831198;0.00106189004390438;0.137273337611124;0.0122191198989389;0.127001695983677;-0.00290402648943516;0.126524460730887;0.00827091256784649;0.12793723901042;0.00502271134672827;0.179388069722303;1.03573452979378;1.03224602518729;1.0181950120803;0.729029659269218;1.00151855283558;0.732593863760531;1.01472405868925;0.728079076237323;1.01431923163589;0.731981505075217;1.01960971811642;0.730133319820966;1.04674024079684;"ANN-rf2022";0.182292096211738;"ANN-chGLM";0.0717297457556165
"Occurrence.Dytiscidae";0.164373373001116;"family";0.8937025840299;0.838607415250383;0.840414362634944;0.781809779297959;0.228060908437019;0.766076307094906;0.228425077715765;0.81222566456592;0.226861605399048;0.795887470653897;0.228463570947295;0.776758294081633;0.226975959262668;0.788455643113322;0.0616482147014513;0.0596263481243022;0.125201388841679;0.744813417223611;0.142806207809649;0.744405933475378;0.0911678235242229;0.746155365942795;0.109449290092609;0.744362861840342;0.130853700143665;0.746027410775536;0.117765062781844;0.97422069755953;0.987390602192976;0.917138189519643;0.997173633202594;0.907289317994516;0.986220228297913;0.939319722006806;1.01895716727906;0.928563768753354;0.992524042792883;0.938898844114976;1.01785636034362;1.01712616204226;-0.0900949767500463;-0.104831316186439;-0.0262230476990089;-0.11577794561824;-0.01520274664906;-0.10352173745636;-0.0510428623482417;-0.140152423734037;-0.0390075908321287;-0.110575330684819;-0.05057192503716;-0.138920686291274;-0.138103637852109;0.934441138569736;0.929147184199825;0.934574246148048;0.680752576674587;0.931828489428148;0.684615730642247;0.93842998510146;0.672974539813055;0.935814366044244;0.682474417649623;0.922128886544677;0.673383550193592;0.891958868096759;"ada2021-rf2022";0.124949677084977;"ada2021-chGLM";0.0748922301009863
"Occurrence.Hydroptilidae";0.156563778356266;"family";0.867855311158231;0.607348293520309;0.603790898164084;0.607131813514423;0.169276411153668;0.570428220463851;0.168395578031422;0.605075539368509;0.167779355333575;0.605054202096189;0.168424142776568;0.605254363717929;0.167497234346274;0.568727663629108;0.300173328766349;0.304272393795377;0.300422771274913;0.804948579587819;0.342715066521211;0.805963533475778;0.302792145661952;0.80667358581967;0.302816731871249;0.805930619296676;0.302586092478753;0.806998664186621;0.344674560013823;1.27200382767905;1.2987963669955;1.33896428905334;1.29310186757434;1.26691523589713;1.2924374864254;1.3322329243363;1.28561212903356;1.33745375279109;1.28574843851931;1.33863215730831;1.28202706200246;1.27217404176401;-0.465686516317386;-0.496558643239896;-0.542842766343583;-0.489997066272;-0.45982310600406;-0.48923152259162;-0.535086444949345;-0.481366896652161;-0.541102227059186;-0.481523961411679;-0.542460062290555;-0.477235946498364;-0.465882648187262;0.717252192666219;0.706450082198721;0.693560892984188;0.570117540385034;0.70592695662204;0.570055842190452;0.695184019306395;0.571828368984799;0.693364270284678;0.57197376852761;0.693025213875625;0.572773508330589;0.703474824549406;"ada2021-ada2020";0.0830196603395236;"ada2021-chGLM";0.00586341031332621
"Occurrence.Hydrobiidae";0.137597619933061;"family";0.801156770193558;0.475494516065059;0.475530623669191;0.417476982525492;0.120908424936699;0.419420711528237;0.120740449138642;0.424291529995487;0.120524041109912;0.393174274879376;0.121502732118496;0.418326915595167;0.120415916245724;0.42101485947633;0.40649004819596;0.406444978859377;0.47890725254106;0.849082689637026;0.476481099414655;0.849292356214538;0.470401367396572;0.849562475667785;0.509241774510143;0.848340878291348;0.477846370200304;0.849697436599542;0.474491291667405;1.22333518494541;1.29458205082104;1.25563490327426;1.19134889223665;1.29151546282523;1.19816195951048;1.30442021727375;1.19969493324493;1.2809448892425;1.1971309461402;1.25153136843785;1.19067178657101;1.45261162072413;-0.526961052391599;-0.615891045279779;-0.567277404359829;-0.487035916764237;-0.612063344997016;-0.495539954335041;-0.628170996993015;-0.497453404725123;-0.598869206251632;-0.494253048440161;-0.562155392053267;-0.486190756752065;-0.813142788986458;0.688031722078022;0.663965085095365;0.657652264748577;0.585540320261621;0.646587092726983;0.583500042052616;0.643994982769236;0.582989883034674;0.641538996523588;0.584023470931181;0.659283113197176;0.585594367241644;0.597023752096969;"rf2024-ANN";0.326952032234392;"rf2024-chGLM";0.0407702956395337
"Occurrence.Perlidae";0.143175901822239;"family";0.821374086085994;0.648078773414241;0.646491508119802;0.536471772057429;0.162284780590953;0.527426075626491;0.163576213498545;0.531882156918329;0.163988412350821;0.511722438685202;0.163369875012808;0.532213749519409;0.164358944359423;0.546811553084993;0.210982201176492;0.212914652323085;0.346860606944857;0.802422813989334;0.357873489605962;0.800850530507947;0.352448335139413;0.800348689922448;0.376992228810556;0.80110174184908;0.352044630412544;0.799897577554918;0.334272212445055;0.586309345657334;0.612301947844916;0.568519265450538;0.465920372514694;0.594048613937119;0.4737413255573;0.564478676200002;0.472356177352397;0.602906373714066;0.464888573435956;0.585123997903682;0.467487755894737;0.542050208959862;0.286184753586261;0.254539486675732;0.307843679169814;0.432754964628973;0.276762410696598;0.423233172822911;0.312762983685239;0.424919552060297;0.265978335660636;0.434011151178094;0.287627881356823;0.430846719157642;0.340069015881867;1.03136659477777;1.01724173206748;0.98410395055992;0.859144806133927;0.967237441545666;0.85634447816543;0.983833838363316;0.857114398180862;0.955431729849895;0.860054646585906;0.973891747033839;0.85936253258692;1.00238350811242;"rf2023-hGLM";0.179471664502362;"rf2023-chGLM";0.147826397591834
"Occurrence.Planorbidae";0.13015991074749;"family";0.773381154033002;0.480636786455826;0.483696875310217;0.453377115690823;0.127887470425146;0.456047898837631;0.126752197358712;0.440033325705801;0.126597157454597;0.409077538115827;0.12728444200916;0.430752789372346;0.126950211413558;0.441093044841976;0.378525344263411;0.374568577488796;0.413772738931422;0.834638496479721;0.410319353582063;0.836106431223817;0.431026572846869;0.836306901461947;0.471053133396666;0.835418226387595;0.443026524339168;0.835850394399265;0.429656331109468;1.16830716026179;1.17647463916899;1.26642757464637;1.14433461037692;1.28456330359672;1.16135031357176;1.20831887595354;1.14816375228267;1.34668379240964;1.15668006163477;1.26906183139787;1.14212409111494;1.10757985030084;-0.510648603433562;-0.521209345526392;-0.637520604222444;-0.479651533282755;-0.660970527789597;-0.501653237237017;-0.562384691755723;-0.484602703718943;-0.741293779124296;-0.495614491771559;-0.640926760084604;-0.476793279948745;-0.432126765082223;0.709045778450682;0.707237401776775;0.665960293573687;0.601563265242156;0.660830631694711;0.596128483918019;0.681034185497673;0.600025396348636;0.625750764368702;0.597681180719074;0.65760257400098;0.601946360471062;0.716595751564829;"ANN-ada2023";0.309167014042073;"ANN-chGLM";0.0785218383513384
"Occurrence.Glossosomatidae";0.115284492376348;"family";0.714846343977457;0.669453395517163;0.670137556168484;0.5840881429471;0.166647449572129;0.576548721764193;0.165166616835469;0.573247418587442;0.164536224097068;0.581250515652769;0.165300750135463;0.614058296134575;0.164983360522882;0.594976581588514;0.0635002876390538;0.062543213916728;0.182917912544407;0.766876544902097;0.193464824123973;0.768948084819921;0.198083023831595;0.769829942499844;0.18688747511997;0.768760445474593;0.14099260448349;0.769204442447166;0.167686053651724;0.45660256755993;0.434841073509825;0.410911231095255;0.434977651659313;0.414536426771746;0.427537244097593;0.408886682970594;0.43734351205992;0.4046882095479;0.426091084588522;0.4130939927742;0.42882755287725;0.477996863946258;0.36125774244104;0.391699940590957;0.425175445664428;0.391508881140714;0.420104152082201;0.401917282364844;0.428007590140954;0.388199274229328;0.433880843124712;0.403940317834291;0.422121975926022;0.400112266796774;0.331329217847505;1.11229496169592;1.12484836660196;1.09044782002342;0.87444568079024;1.08437756275324;0.877055229041439;1.08565160877249;0.872490385909272;1.09229518098519;0.8777485049359;1.10570390657102;0.876409268052308;1.06023423361507;"ada2023-ANN";0.102551625277207;"ada2023-chGLM";0.0726231006836725
"Occurrence.Blephariceridae";0.12235031610264;"family";0.743163645502999;0.557428879732359;0.555627142158454;0.529826183481584;0.184138903693884;0.479806645557814;0.184348371713865;0.530440016149423;0.184077664358233;0.531182555798479;0.184993086129063;0.52891714971942;0.184226055691194;0.509176565974096;0.249924450549419;0.252348866201083;0.287066601430727;0.752222939310692;0.354372824261252;0.751941079425257;0.286240629020002;0.752305342878225;0.28524146866878;0.751073552576899;0.288289796036201;0.752105667700546;0.314852698924114;0.0536493630984897;0.0543493086409872;0.0660922905705846;0.0525049204374023;0.0784703152468301;0.0570367426934394;0.0647870239468594;0.0535919907020628;0.0672131490421932;0.0558885803241264;0.0666167148000145;0.0543955082212906;0.0570345501397661;0.927809489305444;0.926867643526613;0.911066302865433;0.929349449808104;0.894410449540062;0.923251435886863;0.912822667875513;0.927886689524768;0.909558077216357;0.924796401623899;0.910360638328956;0.926805477433609;0.923254386184132;1.28645420859013;1.2848460641799;1.26095194354083;1.06803124062128;1.22221912962911;1.06572552836643;1.26216247021894;1.06741820136432;1.26110043810426;1.06668131398312;1.26004850651902;1.06706861181606;1.2536646822356;"rf2020-ada2021";0.0349390002680413;"rf2020-chGLM";0.00153996050265992
"Occurrence.Glossiphoniidae";0.11230940870212;"family";0.702633278087749;0.471846093456408;0.47237322119686;0.425747837522871;0.113134160385791;0.41697432510925;0.112701094620885;0.399053235600181;0.112109957377865;0.43049553072299;0.112241701236577;0.395752636678613;0.112649019290709;0.409277222668042;0.328460367347587;0.327710149905728;0.394068213390683;0.838985479461361;0.406554830075703;0.839601826250521;0.432060438859054;0.840443143138655;0.387311213191319;0.840255642969191;0.436757909110605;0.839675940773417;0.417509481216275;0.9823154627479;0.957595058474829;1.02708941788198;0.95879649816995;1.00024392633232;0.968359922534438;0.992128281843929;0.953644025893618;1.0060659794053;0.95703900230507;1.03199577504112;0.96970684407856;1.01134940800449;-0.398048588619827;-0.362866075858192;-0.461771666547384;-0.36457598589603;-0.423564692316495;-0.378186819118327;-0.412014364796462;-0.357242897018779;-0.431850740322688;-0.362074686968568;-0.468754480074935;-0.380103781474263;-0.439370208534566;0.774734658295597;0.78457671857044;0.740321453726274;0.655189240099897;0.747041305190565;0.651922614213175;0.743387732512272;0.656543035629794;0.749922640072949;0.655472682766755;0.727514339715757;0.651466754818445;0.740051061847233;"rf2022-ada2024";0.111511583056156;"rf2022-chGLM";0.0408056916010475
"Occurrence.Capniidae";0.105987355894385;"family";0.676085621104913;0.516222115820939;0.520440310621633;0.398334236929064;0.122598658775574;0.383705981054492;0.123302659439935;0.394992570187587;0.122204621071952;0.402175106912646;0.1231791993571;0.446760523059935;0.122176036420485;0.435118164459554;0.236454526310902;0.230215383413882;0.410822794488552;0.818664005048334;0.432459485786122;0.817622715835275;0.41576546245421;0.819246827240261;0.405141753709568;0.817805325964794;0.339195348763958;0.819289106872566;0.356415591639933;0.406528474481815;0.378851260156354;0.289837452967114;0.322154095631542;0.28238501603407;0.325740196467106;0.277386647296191;0.307080758472538;0.291261678984937;0.313427448488588;0.30701594580028;0.317086590041387;0.343412935407954;0.398702676419248;0.439640116088839;0.571300669738489;0.52350103955021;0.582323588582502;0.518196828480459;0.589716688778467;0.545796051732794;0.569194093332537;0.53640864602865;0.545891916324843;0.530996400244131;0.4920570343639;1.05637878688621;1.07336065467741;1.05574680862994;0.905038569074916;1.05196567190091;0.903735302429267;1.0605662477108;0.911705672333318;1.05702326173503;0.909260065952664;1.0723712185109;0.907142910972954;1.04692009877032;"ada2022-chGLM";0.191014012359219;"ada2022-chGLM";0.191014012359219
"Occurrence.Goeridae";0.0899962811454072;"family";0.605058437882366;0.567273489526298;0.563457858750833;0.498097201193173;0.132194979105953;0.542591016397663;0.133276678029178;0.497647324217495;0.131895969382103;0.538307853768477;0.133188378266261;0.526269886509784;0.132638111927763;0.529716212120547;0.0624484281027652;0.0687546467034339;0.176778357250161;0.781517005913314;0.10324196403794;0.779729246491247;0.177521883738697;0.782011189127908;0.11032088792532;0.779875182416421;0.130216432727281;0.780784625709904;0.124520576930566;0.56039060922831;0.560502208257271;0.552943268706372;0.545667641312938;0.553644089004806;0.555072044688778;0.554263809309332;0.55113497700707;0.558032442334307;0.545978634864616;0.553927465979518;0.545065266196257;0.595656678362022;0.0738239909691846;0.0736395475799611;0.0861324558308642;0.0981571247519314;0.084974187051262;0.0826141576812558;0.0839499549015622;0.0891210790548127;0.0777214110303871;0.0976431354705556;0.0845058405958283;0.0991526899386412;0.0155385974836568;1.00344736870311;1.00147891776863;0.972949563944703;0.813234046245092;0.994488706904544;0.8098569245062;0.972088681525692;0.810892728870001;0.990186178658996;0.813511571325711;0.986266388738403;0.813659278706988;0.967567360621173;"rf2024-ANN";0.0836140924549843;"rf2024-chGLM";0.0253286989694566
"Occurrence.Philopotamidae";0.0948307921160283;"family";0.627148558480499;0.551722230720312;0.550504792832731;0.462823772221422;0.154436224557561;0.502895999657175;0.156677288346684;0.45994007873383;0.154700017782592;0.492679243372803;0.15638423099776;0.502611715580312;0.155965799505451;0.520487583029478;0.120268677556934;0.122209904832542;0.262018917267729;0.75374857763886;0.198123007927136;0.750175159891472;0.266617019979754;0.753327954452433;0.214413815178811;0.750642445265826;0.198576304156585;0.751309642035475;0.170072902199515;0.0392215594876347;0.0437776587440048;0.0610216677719088;0.0260502590378816;0.039768550953106;0.024746281955004;0.0610452775920511;0.0257854207542258;0.0290567789984773;0.026428613418659;0.0414868004734735;0.0254109924735141;0.0297904250106495;0.937460496468869;0.930195711762342;0.90269981976877;0.958462379151444;0.936588308439295;0.960541594777861;0.902662173472971;0.958884668703217;0.953668427351761;0.957859086078915;0.93384852773322;0.959481701536424;0.952498615188038;1.29207614013412;1.28835159387824;1.22250380180715;1.06629815606803;1.26056965300254;1.06818986739374;1.22072799814647;1.06658003272009;1.2608816924829;1.06713534309646;1.25930811813353;1.06745509911384;1.27806674280584;"rf2021-ada2022";0.0578794213048898;"rf2021-chGLM";0.0230810983089916
"Occurrence.Dixidae";0.092599479360357;"family";0.617022337572615;0.579769110485239;0.575245536454334;0.519662127601288;0.188646599861756;0.481132411334063;0.187774822221822;0.522819890523702;0.189919694033432;0.517065016270852;0.18700535845405;0.51523681510911;0.188139251922608;0.541487907370347;0.0603758159452244;0.0677071129752483;0.157790413803081;0.694262932839843;0.220235018999712;0.69567581141303;0.152672668901273;0.692199645833598;0.161999518032035;0.69692287123715;0.164962459647624;0.695085184982518;0.122417659139251;0.05879227393699;0.0448752116799604;0.0450882638270133;0.0511323789178372;0.0511031108225825;0.0492678758467276;0.0458628926823258;0.0505997982405154;0.0457768149498735;0.0505135842028907;0.0451602663029306;0.0499092301386876;0.0443146305143724;0.904716133668222;0.927271333714593;0.926926042897585;0.917130424938919;0.917177859356561;0.920152200582318;0.925670612083913;0.917993571449007;0.925810117134558;0.918133297407655;0.926809349430375;0.91911276610336;0.928179860248322;1.29756368573845;1.30367234451489;1.26780483922619;1.07117600011548;1.23988006139299;1.07170782392161;1.26931641407011;1.07214353459406;1.26572375974624;1.07062852988785;1.26495718328749;1.07155944306892;1.28221190638108;"ANN-chGLM";0.0234637265800995;"ANN-chGLM";0.0234637265800995
"Occurrence.Gyrinidae";0.0829304574191149;"family";0.571737729719057;0.324928547987552;0.32392753088791;0.30792653576371;0.071421867306392;0.282187714803292;0.0714135581901959;0.289745809622592;0.0722206388986299;0.283529437601573;0.0718096621973302;0.282366472409152;0.0718774185615656;0.305053691392365;0.431682516129875;0.433433348806484;0.461419948767382;0.875079317676852;0.506438529180234;0.875093850767401;0.493219015360472;0.873682223256251;0.5040917839358;0.874401043582315;0.506125872525673;0.874282534061754;0.466444707886842;0.962297686551544;0.986467810854611;0.992427375259212;0.872111547327001;0.946716932494758;0.868948572427495;1.0097044181699;0.860539504263461;0.995057596631136;0.860053159048693;0.949313890728274;0.873306461328517;0.900531760258469;-0.683110343311437;-0.725385189008508;-0.735808787268378;-0.525369941486183;-0.655858767550568;-0.519837728488695;-0.76602726335037;-0.505129816579215;-0.740409185729429;-0.504279172674697;-0.660400986995824;-0.527459910259282;-0.575078420486568;0.727104864347358;0.718011179311534;0.710170341762065;0.670088932714907;0.717297494478356;0.671146720050878;0.697690765138766;0.674246550734533;0.700637895570853;0.674271959693409;0.716430733958477;0.669841259101096;0.742495080116431;"rf2023-ada2022";0.261748090675674;"rf2023-chGLM";0.17883117063674
"Occurrence.Leptoceridae";0.079583488285608;"family";0.55550185039821;0.234562752071555;0.23537746650792;0.226473159412058;0.0455691042939244;0.249978435072723;0.0459222962989798;0.228267497297746;0.0453871144516039;0.267257804239885;0.0455669102984454;0.22615229767842;0.0460360164644382;0.200899155179791;0.577746227301657;0.576279599538345;0.592308901852061;0.91796768226558;0.549995315238777;0.917331875193466;0.589078781404396;0.918295295651908;0.518889443755585;0.917971631839244;0.592886508809461;0.917127159105883;0.638346559897548;1.2994399198434;1.24515993657029;1.3955303133635;1.05000620120839;1.38792766249679;1.03812583437333;1.38998854851723;1.03908284971551;1.41665812662374;1.04002048558908;1.3535504384598;1.04996426367589;1.20521595999154;-1.33921798624415;-1.24150457046669;-1.51219741637785;-0.890193885863196;-1.49851132179283;-0.868807158120455;-1.50222127526815;-0.87052995227764;-1.55023115694072;-0.872217860018914;-1.43662633614903;-0.890118391006667;-1.16959846151293;0.587171355788426;0.603571219261941;0.557368556257634;0.605186533609022;0.566105618133059;0.608899670786389;0.559416766926251;0.608445541031509;0.562873614861159;0.608215032513871;0.569100024461267;0.605340527692098;0.60522293428402;"rf2021-ada2023";0.681423998820266;"rf2021-chGLM";0.4704108281237
"Occurrence.Caenidae";0.0758646336928226;"family";0.53710263645511;0.294062589377316;0.292733575504141;0.22914107621862;0.0608742038404676;0.234693080606326;0.0610609475353404;0.230816185426231;0.0605569360259635;0.272243426631467;0.0609643852215966;0.225785023387195;0.0617010418466113;0.253641234444394;0.452502055625465;0.454976468862283;0.573375625688683;0.886661878552228;0.563038673287276;0.88631419138371;0.570256837781278;0.887252580948698;0.493125879202008;0.886493975110674;0.579624064261941;0.885122437205225;0.527760213358042;1.08830573625057;1.02018640540023;0.937269032029828;0.965044644548584;0.943579100913772;0.935782820313603;0.93047102713418;0.924060481451838;1.088045447141;0.948674778219848;0.926630994076784;0.951058586242082;1.01205734350714;-1.02625282838568;-0.899425428505595;-0.74504641834534;-0.79676020754227;-0.756794766716127;-0.742279327634271;-0.732389610438911;-0.72045419019102;-1.02576821130898;-0.766282110400954;-0.725240077376218;-0.770720383201042;-0.884290403388705;0.67225229264298;0.695081332594778;0.701830064301404;0.636299941708135;0.70156409848233;0.645738318886616;0.704809714682116;0.64937054817021;0.665044708170363;0.641558313991411;0.704390080015423;0.641030159672151;0.684403204664462;"rf2022-chGLM";0.305798638194661;"rf2022-chGLM";0.305798638194661
"Occurrence.Calopterygidae";0.0769802900706582;"family";0.542663038656323;0.332246695968045;0.329414644822683;0.311452831119001;0.0783168670814275;0.324232372370593;0.0777032416120689;0.315520661162817;0.0774644776065962;0.323476530644737;0.078839438591133;0.324058936442379;0.077647410471801;0.292276226913583;0.387747695529967;0.392966497887271;0.426065884475598;0.855680484015741;0.402516203842778;0.85681125103993;0.418569833051332;0.857251236792533;0.403909041887779;0.854717507965264;0.402835805355798;0.856914134664373;0.461403843465583;0.912769728105677;0.911037187232389;0.967893207837124;0.905235761402343;0.927956983341547;0.909804088697901;0.949756312675308;0.910236793968506;0.937887169686895;0.899848066451913;0.942312877794682;0.914253382121279;1.04517643708446;-0.682019343653416;-0.678826679421892;-0.78359891661998;-0.668136019810339;-0.710005873330239;-0.676554369633592;-0.750176896195068;-0.677351743399228;-0.728304864855322;-0.6582077686367;-0.736460401150453;-0.684753368103055;-0.926013681846477;0.748067910216821;0.74765676906491;0.720204421615431;0.661358353795833;0.73943987469461;0.659647007906575;0.728244944059159;0.659425578729944;0.735499572983215;0.663315646450011;0.734087556515292;0.65816278421798;0.686293359381049;"rf2023-ANN";0.267805913209777;"rf2023-chGLM";0.023811575016716
"Occurrence.Tabanidae";0.074748977314987;"family";0.531506725909808;0.447050833704141;0.446192052668226;0.407899357648225;0.109001344071179;0.4257158714822;0.108870264435593;0.43727558507012;0.108665763457503;0.408731991773646;0.109230050347814;0.410221775350032;0.109284707267133;0.416426605132441;0.158899009341979;0.160514757542427;0.23256030871481;0.794920104003208;0.199039540368036;0.795166722962472;0.177290589650371;0.795551480046665;0.23099375445532;0.794489806011694;0.228190810477827;0.794386972093223;0.216516772351992;0.70969380574657;0.746309013590737;0.652990091725285;0.702848770482996;0.653080905512349;0.69898859872797;0.654928183379623;0.693877287887371;0.657371725420341;0.697453252464328;0.651953805442065;0.703450875462403;0.785857127389594;-0.335248965159849;-0.404138418593369;-0.228564117617756;-0.322370416441849;-0.22873497864855;-0.315107720474233;-0.232210528020221;-0.305491076711447;-0.2368079148859;-0.312219052864216;-0.226614403281692;-0.323503243083649;-0.47854596956304;0.876935806465817;0.860657643297357;0.884665769367029;0.743100698969704;0.892541277574094;0.744487536959816;0.896886193858566;0.74631630879586;0.88309732216583;0.74519332243911;0.886152682765562;0.742982279785203;0.831340965242542;"ada2024-ANN";0.251931566281348;"ada2024-chGLM";0.108634561878157
"Occurrence.Pediciidae";0.0650799553737449;"family";0.481444445479195;0.473815384244405;0.474043555032575;0.298247527047196;0.0885078865746714;0.335698695183437;0.0889432091197859;0.348463524371657;0.087820552338114;0.296544375282912;0.0886109382353326;0.299323233432072;0.0885622428212496;0.364352116485959;0.0158461922376034;0.0153722626070659;0.380515177093087;0.816161786877452;0.302725998117381;0.815257585885619;0.276212390352076;0.817589437031091;0.38405276441033;0.815947740040628;0.37828084581151;0.816048884449999;0.243210468191591;0.255055914741726;0.285866226604031;0.250432927285045;0.276656238669813;0.250140975124799;0.279448377208088;0.258378360132628;0.280738766162285;0.246327216870323;0.282362038661058;0.255171257936638;0.27854953489549;0.274653187707158;0.470227734192962;0.406232163880298;0.479830062146045;0.42536207184933;0.480436470970546;0.419562568782063;0.463326739857893;0.416882324017971;0.488357962827577;0.413510652553037;0.469988156821171;0.421429538732674;0.429522574647656;1.11558589665179;1.09865715317208;1.02419537045723;0.910215243567457;1.04370706397906;0.909143270380765;1.04607240294042;0.908047029687537;1.02542645447058;0.907668958313343;1.0223214654246;0.909378712608458;1.04587040731753;"ada2023-hGLM";0.0821257989472789;"ada2023-chGLM";0.0181302286346145
"Occurrence.Cordulegastridae";0.0661956117515805;"family";0.487370197776341;0.453694261822824;0.45058302624897;0.412731398537785;0.121835850728826;0.441459979335186;0.122555996100199;0.405249658397825;0.122185015914191;0.407418195204489;0.122238019817505;0.409580813889438;0.12203024425376;0.417106794703345;0.0690972408800656;0.0754809623058903;0.153146006011653;0.750013744614032;0.0941998888127004;0.748536129908294;0.16849725271097;0.749297317579802;0.164047787362949;0.749188562667097;0.159610464984979;0.749614882464026;0.144168444015611;0.349125354638499;0.321467776522457;0.314022575746854;0.404697871894689;0.351527456218871;0.387591562853523;0.313789394057588;0.38485907394289;0.319383291325629;0.405087006075015;0.311864630218837;0.398321928809483;0.305102214317462;0.283654691584741;0.340403295094416;0.355679569289211;0.169629423913998;0.278725991407069;0.204728634163648;0.356158018095335;0.210335232439662;0.344680300964572;0.168830987361862;0.360107303151197;0.182711764841483;0.37398261996833;1.0536754216476;1.06668704416871;1.05059262676562;0.868115064271258;1.04599256915393;0.875887357732907;1.046791877383;0.876922176364525;1.04500059201634;0.868120722189847;1.05007132647165;0.870971657992023;1.05760010584214;"ANN-rf2023";0.205151632606468;"ANN-chGLM";0.0903279283835891
"Occurrence.Anthomyiidae";0.065823726292302;"family";0.48539945313509;0.435361784019073;0.426979403909216;0.417328659855507;0.107706686833854;0.418090154712714;0.108488180272984;0.421181686330963;0.108324016289686;0.421510553184085;0.108090636906468;0.418630644585436;0.107462594122181;0.395679141246931;0.103085549010891;0.120354583938139;0.140236650123787;0.778107111291124;0.138667849721791;0.776497110632733;0.132298803365679;0.776835314522823;0.131621285393629;0.777316113134586;0.137554354703964;0.778609981061777;0.184838098412916;0.685958222430289;0.705938858665742;0.66383653583834;0.893859872126308;0.664687517689004;0.881310806972134;0.670444518935877;0.858901362239123;0.669279265193926;0.841175519882039;0.647010220685711;0.859476237730102;0.726555653672209;-0.413182932118759;-0.454346217545642;-0.367608742759727;-0.841493364594995;-0.369361900587095;-0.815640296419655;-0.381222237902453;-0.769473279567302;-0.378821630043454;-0.732955227800666;-0.332943859962781;-0.770657614422371;-0.496820091121946;0.882233764297751;0.869810656368082;0.884039142930706;0.674977047328031;0.883999588813108;0.679490984481916;0.882822236508728;0.687090905584241;0.883482004363906;0.69312671852913;0.89208863205307;0.686597649191762;0.847522190819387;"ada2024-rf2020";0.508549504632214;"ada2024-chGLM";0.080239072155978
"Occurrence.group.Hemiptera";0.0661956117515805;"group";0.487370197776341;0.372315039571377;0.374803720425406;0.368000156093342;0.0830490486783797;0.367626163259136;0.0832440556043861;0.371646213191211;0.0833056636395554;0.372516505002145;0.0839962117160698;0.380370615831054;0.0832605311210375;0.350091217099387;0.236073438076252;0.230967092088369;0.244926838423098;0.829597605562883;0.245694207531657;0.829197484819152;0.237445755019752;0.829071075704581;0.235660065589204;0.827654189568201;0.21954477814499;0.829163679886626;0.281672907582979;0.816049656351627;0.839506952024587;0.820665929330732;0.783250971837498;0.820494808077886;0.786553452889152;0.817156025962463;0.78720092730579;0.817981453963413;0.773158996571899;0.806506117719833;0.795861523994769;0.788454251148065;-0.674393838759343;-0.722524183577277;-0.683865638635836;-0.607096567272954;-0.683514527194007;-0.613872691596357;-0.67666391931799;-0.615201197975271;-0.678357555910289;-0.586389566082393;-0.654812135414869;-0.632971255989679;-0.61777280339553;0.801021646134922;0.79266735993318;0.797452596178203;0.704616946887486;0.797371710046023;0.70352300748918;0.800310976368647;0.703316952431497;0.800328929069789;0.708516881930666;0.808101385729731;0.700262162331258;0.803175914819055;"rf2023-hGLM";0.136134617494885;"rf2023-chGLM";0.0880042726769503
"Occurrence.Lepidostomatidae";0.0602454444031238;"family";0.455284676109605;0.255776007451362;0.250547758972731;0.211932938722156;0.0450188295905699;0.17146478998629;0.0442658322969361;0.166205669107352;0.0446753062926866;0.170210084692421;0.0444216350804726;0.170873612321635;0.044594585243273;0.197642193345669;0.43820642144831;0.44968989267626;0.534504564192415;0.90111938320601;0.6233899382438;0.902773287528176;0.634941218475493;0.901873907388152;0.62614580805385;0.902431077935558;0.624688417405687;0.902051205359397;0.565893157146171;1.13878594875035;1.28741346965383;1.25357883658324;0.949452750113125;1.0605579566226;0.973224899768295;1.26075404808842;0.976517719582728;1.27569907728932;0.967274364804011;1.3279205393818;0.963547522798436;1.03072136465312;-1.50126131738332;-1.8277109624131;-1.75339562775324;-1.08540458296592;-1.3294391669077;-1.13761839753641;-1.76915546304244;-1.14485083909928;-1.80198114329287;-1.12454847606413;-1.91668182362043;-1.11636273601809;-1.26390524157459;0.643067894157309;0.595452978107502;0.594031489183861;0.636216121134229;0.641114902331629;0.62846211341232;0.578524611566798;0.627556729399482;0.575368544643031;0.630383846570513;0.560725687557584;0.631614228733321;0.659324412490956;"rf2020-ada2024";0.831277240654508;"rf2020-chGLM";0.415856734417402
"Occurrence.Physidae";0.0565265898103384;"family";0.434602731747836;0.326209002281284;0.323756847313086;0.314422055673725;0.0823706864492553;0.315959475233026;0.083596469472605;0.316946995511879;0.0819896564712008;0.314847307954972;0.0827550038832551;0.31647943328098;0.0828298310006953;0.296615009583079;0.249408762413033;0.255051053151374;0.276529960110424;0.810469008977495;0.272992431588415;0.807648541148358;0.270720194884148;0.811345740645798;0.275551475047672;0.809584713031047;0.271796033107756;0.809412539429792;0.317503117409809;0.544664172577523;0.557575920209786;0.506816982973811;0.555256192032624;0.505242427984214;0.553440069691066;0.505378496874877;0.559307084764885;0.507334000766778;0.562104553506828;0.501805079961736;0.549730766831353;0.498932094790654;-0.253246086114218;-0.282955396914766;-0.166161521662673;-0.27761781385855;-0.162538546300175;-0.27343900362822;-0.162851634278514;-0.286938723361281;-0.167351154757909;-0.293375564498225;-0.154629373689469;-0.2649040760064;-0.148018772878177;0.89652635819466;0.889665671839619;0.908284645158361;0.789431073733544;0.909699024600649;0.790632674600143;0.910086389299016;0.787683661795306;0.908242971511794;0.786883733866607;0.91150078527859;0.791796814115795;0.903789732349101;"ANN-rf2023";0.145356791620048;"ANN-chGLM";0.105227313236041
"Occurrence.Sialidae";0.0524358497582744;"family";0.411251871797919;0.421174673572353;0.423705279087479;0.411186158476998;0.103869253801134;0.361459816280681;0.10369646613585;0.363393513166526;0.104031038366298;0.412166439069382;0.104139647543501;0.412230519380821;0.103770749672427;0.392351446309786;-0.0241282835529817;-0.0302817036068832;0.000159788502927992;0.7474315354553;0.121074355964767;0.747851685920583;0.116372378859128;0.747038140126894;-0.00222386166284168;0.746774046065198;-0.00237967934011753;0.747671058082339;0.0459582722517561;0.233105471595867;0.20589616451959;0.242239437500234;0.259937616019639;0.229933849299404;0.262148965439076;0.235307827794197;0.256174891695116;0.249539376977086;0.258699469751905;0.245182405626256;0.258069967883634;0.232659746484471;0.433180764438172;0.49934291211989;0.410970614088134;0.367935725415088;0.440892880817357;0.362558608443511;0.427825515381914;0.377085165411733;0.39322008216973;0.370946401724769;0.403814493161179;0.372477098388881;0.434264589563264;1.09859775782765;1.11505592129691;1.08814385622499;0.924932810773755;1.06797355980071;0.923830884382617;1.06613807400199;0.926749546158483;1.0847109338117;0.925630723023659;1.08711136748307;0.925751342415136;1.08312009174887;"hGLM-rf2021";0.13678430367638;"hGLM-chGLM";0.0661621476817179
