"Taxa";"Prevalence";"Taxonomic level";"Null_model";"iGLM.fit";"chGLM.fit";"hGLM.fit";"GAM.fit";"SVM.fit";"BCT.fit";"RF.fit";"ANN.fit";"expl.pow_iGLM.fit";"expl.pow_chGLM.fit";"expl.pow_hGLM.fit";"expl.pow_GAM.fit";"expl.pow_SVM.fit";"expl.pow_BCT.fit";"expl.pow_RF.fit";"expl.pow_ANN.fit";"iGLM.pred";"chGLM.pred";"hGLM.pred";"GAM.pred";"SVM.pred";"BCT.pred";"RF.pred";"ANN.pred";"expl.pow_iGLM.pred";"expl.pow_chGLM.pred";"expl.pow_hGLM.pred";"expl.pow_GAM.pred";"expl.pow_SVM.pred";"expl.pow_BCT.pred";"expl.pow_RF.pred";"expl.pow_ANN.pred";"iGLM.likelihood.ratio";"chGLM.likelihood.ratio";"hGLM.likelihood.ratio";"GAM.likelihood.ratio";"SVM.likelihood.ratio";"BCT.likelihood.ratio";"RF.likelihood.ratio";"ANN.likelihood.ratio";"Big.model.diff";"Big.pred.expl.pow.diff";"chGLM.model.diff";"chGLM.pred.expl.pow.diff"
"Occurrence.Simuliidae";0.923019709929342;"family";0.542663038656323;0.488675317297361;0.491946594140437;0.493227476702145;0.45836217221995;0.451768463866299;0.444579114807645;0.138308965399084;0.46392998829415;0.0994866381403823;0.0934584464080393;0.0910980819268327;0.155346615544535;0.167497264997237;0.1807455397949;0.745129195197174;0.145086443619088;0.482383875046197;0.484452677220513;0.50995962824384;0.63258556424675;0.504151884106838;0.47822985577764;0.571011344038234;0.505617856892125;0.111080282451855;0.107267967945529;0.0602646727027127;-0.165706007567943;0.0709669754638925;0.118735160290675;-0.052239241228044;0.0682655333518295;1.00315067409848;1.00375398708473;0.991668822452848;0.916574712174013;0.97414831761515;0.983315385531321;0.805452385922495;0.979371798989405;"BCT-GAM";0.284441167858618;NA;NA
"Occurrence.Limoniidae";0.865005578281889;"family";0.791543597715128;0.739910316465816;0.744889247357629;0.74412405633696;0.711530635444387;0.731641431203736;0.701113653710503;0.210613172860799;0.70196514747093;0.0652311273799159;0.0589409736774733;0.0599076810362058;0.101084719150919;0.0756776590503744;0.114245057714648;0.733920944507978;0.113169319419393;0.768728626930748;0.776545409798135;0.73805027276356;1.08903578096399;0.740240202594748;0.711704053671123;0.738532715263269;0.676785016804207;0.0288233912196849;0.0189480250491413;0.0675810215709942;-0.375838025988214;0.0648143643236743;0.100865630490184;0.0669715257692445;0.144980745523284;0.98569415982196;0.984296524567565;1.00304150781417;0.827991348966292;0.99570984343191;0.994718794878351;0.768004434931125;1.01266965386345;"ANN-GAM";0.520818771511498;NA;NA
"Occurrence.Limnephilidae";0.822238750464857;"family";0.935963459055595;0.821222155158834;0.825536703837281;0.826917527714532;0.784819835326131;0.776827470719931;0.704106417505846;0.227844338592834;0.754668911931875;0.122591649050634;0.117981908534908;0.116506611755007;0.16148453475093;0.17002371919117;0.2477201853411;0.756567057839273;0.19369831735381;1.10471493512076;1.10355051779561;1.09754497677356;1.34731237989888;1.14634995850152;1.0966020281226;1.16578985509858;1.225862871116;-0.180297077233591;-0.179052993061414;-0.172636566261892;-0.439492500335801;-0.22478067643603;-0.171629103158677;-0.245550607579149;-0.309733685920725;0.867841321833497;0.870222017832147;0.873441848567122;0.75484241582012;0.831302738767502;0.821808560919644;0.625644626576872;0.790099035811052;"BCT-GAM";0.267863397177124;NA;NA
"Occurrence.Rhyacophilidae";0.805875790256601;"family";0.984296306063927;0.906809964519606;0.91143558629516;0.90942378924945;0.872375096945822;0.886287573814058;0.843705628880643;0.269099055552272;0.846751848501999;0.0787225767961875;0.0740231567668153;0.0760670504940549;0.11370682631703;0.0995723865324588;0.14283369379439;0.726607675052277;0.139738874071315;0.829683600559439;0.827111126607067;0.837980996461332;1.33722814054717;0.831346430787378;0.795610312490943;0.796139014499398;0.761670504466385;0.157079432841483;0.159692948646148;0.148649658340882;-0.358562591679905;0.155390073430404;0.191696334132874;0.191159197088675;0.226177625808425;1.03931639235117;1.04306368108387;1.03636707066283;0.792607986614796;1.02785136655194;1.02433913488143;0.768342271211779;1.04345849507313;"ANN-GAM";0.584740217488331;NA;NA
"Occurrence.Elmidae";0.764968389735961;"family";1.09056995358128;0.781292743656607;0.793352607113937;0.786229869376898;0.728251424744362;0.717363650076668;0.683978872942569;0.20948796890648;0.714759309893394;0.28359227109554;0.272533958496951;0.279065165150544;0.332228599960153;0.342212163721414;0.372824392698077;0.80790964557702;0.344600217944549;0.348792131262744;0.361308591268166;0.352559311203034;0.42573210388184;0.4279878299831;0.34308837684714;0.458299688311116;0.33159500644221;0.680174453626419;0.668697464035499;0.67672013148237;0.609624213023846;0.607555821084518;0.685404521075897;0.579761310307401;0.695943386892975;1.24141307349992;1.24112969338669;1.24213947893624;1.16329868150568;1.15567883822597;1.18583272349967;0.883021385349745;1.21116432829263;"ANN-RF";0.116182076585574;NA;NA
"Occurrence.Gammaridae";0.732986240238007;"family";1.16053196633123;0.663634007003813;0.675260856597769;0.66918710931221;0.58995582603576;0.596594864026976;0.564871862506819;0.155312001737425;0.558731967076712;0.428163957342987;0.41814540556564;0.423378994524641;0.491650516184594;0.485929831030005;0.513264710585665;0.866171715865432;0.518555297668343;0.515147388696124;0.527558317205155;0.510766176999595;0.549666540903491;0.475285270749817;0.470532764290036;0.419322805367025;0.428463851471122;0.556110987339151;0.545416815296424;0.559886162710132;0.526366737970052;0.590459130348362;0.594554240692289;0.638680521060852;0.630803921045263;1.07706883432463;1.07664666360229;1.08243211342467;1.02034891523912;1.06253206123225;1.04829973229776;0.876336261260402;1.06730209496788;"RF-GAM";0.1123137830908;NA;NA
"Occurrence.Heptageniidae";0.7244328746746;"family";1.17743548541178;0.951512015537332;0.958196992549157;0.956292502286271;0.909434691858388;0.893690064732961;0.862115985294395;0.253993262187145;0.857805702908306;0.191877578579552;0.186200004653294;0.187817494771846;0.227613994035239;0.240985959905557;0.267801933969327;0.784282650443208;0.271462671597412;1.05487534441951;1.05613698292671;1.07221301852703;1.95926844875707;1.080009465707;1.01158289773272;0.983643239504238;1.17736814995011;0.104090748504502;0.103019234589022;0.0893658023632206;-0.664013419870606;0.082744253007384;0.140859172102376;0.164588419755136;5.71882387713476e-05;0.949631120084731;0.952209700142176;0.94368745060463;0.591604537409643;0.911047993869407;0.927990803544014;0.694318153796966;0.852330238378677;"RF-GAM";0.828601839625742;NA;NA
"Occurrence.Nemouridae";0.707698029007066;"family";1.2083999653351;0.78960820153773;0.793604688051822;0.798539168341345;0.743204884220242;0.790695144091357;0.708264652363401;0.210038421499102;0.697687552015105;0.346567176275314;0.343259921534551;0.339176438887186;0.384967804087828;0.345667687211421;0.413882263587296;0.826184684273095;0.422635243272597;1.03213269601234;1.04222702668388;1.03475363023873;2.67899527429717;1.22726616621716;1.11702950598514;1.11795117575891;1.18266654145343;0.145868317096388;0.137514848906129;0.143699387684292;-1.21697728496231;-0.0156125466925348;0.0756127623064177;0.0748500431735031;0.0212954523501118;0.88580163010003;0.883105002944656;0.888600762002938;0.379881774259866;0.803895887728659;0.81515057613649;0.635110437981776;0.78467199073505;"iGLM-GAM";1.36284560205869;NA;NA
"Occurrence.Empididae";0.688359985124582;"family";1.24081318179951;1.21563537869446;1.21827325920084;1.21992328396218;1.17393503346849;1.16929667531294;1.10655320593577;0.383844940772002;1.13134887962425;0.0202913730079315;0.0181654441855468;0.0168356511227874;0.053898644301984;0.057636804263195;0.108203215305169;0.690650497268797;0.0882198092193947;1.24106194532306;1.2487717268501;1.25568394320412;2.23131560046227;1.20574249920123;1.18428097680675;1.17153357147427;1.14434015155953;-0.000200484268864062;-0.00641397526019212;-0.0119846900586873;-0.798268775019182;0.0282642730692345;0.045560609624389;0.0558340379852934;0.077749843131157;0.98736718908821;0.984866446980474;0.982278574974359;0.589376380375346;0.981942121332965;0.961881626334975;0.674459050987725;0.993525415071049;"ANN-GAM";0.876018618150339;NA;NA
"Occurrence.Hydropsychidae";0.686872443287467;"family";1.24316052010929;1.00859797516195;1.0136965139849;1.01746420993483;0.940700449279141;0.91305231284466;0.878410251557078;0.255713961281507;0.925895343890979;0.18868242769383;0.184581156184253;0.181550416477685;0.243299289140521;0.265539487399109;0.293405608247716;0.794303344463492;0.255208535893997;0.549037054958039;0.517072074427109;0.57027008835902;0.487282623217705;0.598523349808145;0.51511476843628;0.59251723286804;0.49699759293134;0.558353852075538;0.584066525550818;0.54127397135417;0.608029200304023;0.518547009717195;0.585640985131192;0.523378338288969;0.600214465556188;1.25832372734025;1.28186009179634;1.25056701540583;1.25446465647378;1.17030509704171;1.19919169407474;0.845014378500115;1.23917876693515;"GAM-SVM";0.0894821905868282;NA;NA
"Occurrence.Leuctridae";0.680550390479732;"family";1.25290778493388;0.850753823647262;0.853557611999044;0.854454988091589;0.805777822274262;0.825417453401366;0.717191890857849;0.213141806437104;0.755192602266678;0.320976504514128;0.318738679523736;0.31802244477499;0.3568738003198;0.341198559601154;0.427578071202024;0.829882287427599;0.397248056602558;1.03991121224702;1.04773461614973;1.02393813974313;1.55925653624474;0.98811130259146;1.01676649308752;1.01727016052991;1.02783153936668;0.170001795222378;0.1637575975274;0.182750596607423;-0.244510214554246;0.211345547953789;0.188474598598507;0.188072599785469;0.179643105640914;0.909756139186554;0.907475689097405;0.918749680853245;0.686094876430196;0.921873815261315;0.860891067523042;0.668937813859622;0.872563831255025;"SVM-GAM";0.455855762508034;NA;NA
"Occurrence.Ceratopogonidae";0.595760505764225;"family";1.34938646630396;1.20810159922736;1.21216009303709;1.21371733657302;1.17480890964526;1.17692229789869;1.11033540412625;0.392974465966609;1.12051801484772;0.104703041422661;0.101695382822941;0.100541344617566;0.129375505845172;0.12780932128189;0.177155372569051;0.708775450340046;0.169609268487123;1.18922342489385;1.24170930172258;1.15984657850689;1.26010942986651;1.11883623119225;1.11562424222015;1.05077459714946;1.09984080850736;0.118693232376054;0.0797971280061193;0.14046375336506;0.0661612063458659;0.17085560057765;0.173235933456557;0.221294548753266;0.184932681650589;1.00948377584614;0.985334004581458;1.0273014154077;0.958246468482353;1.02946889502051;0.997359074349084;0.719714937439953;1.01039223118151;"RF-GAM";0.1551333424074;NA;NA
"Occurrence.Psychodidae";0.517664559315731;"family";1.3850459547219;1.33277184640137;1.33715348373285;1.33964892080566;1.29604552560343;1.22777892422958;1.20883055537671;0.439754035459492;1.23454726464499;0.0377417862146124;0.0345782541191347;0.0327765542807222;0.0642581055271462;0.113546435016231;0.127227113832892;0.682498595833385;0.108659708772712;1.33534501544049;1.34653258893902;1.35987660023887;2.33175596341778;1.25094427544775;1.28403033035819;1.25752387816733;1.26685228646293;0.0358839640749577;0.0278065616895783;0.0181722161616555;-0.683522453149195;0.096821104611709;0.0729330489138815;0.0920706465513455;0.0853355571748492;0.998714242775469;0.995321426180154;0.989937133171695;0.595797032801715;0.988484145340762;0.96309821145232;0.664390685103602;0.983977241347772;"SVM-GAM";0.780343557760904;NA;NA
"Occurrence.Leptophlebiidae";0.450353291186315;"family";1.37641891352558;1.13927253681161;1.14140095701672;1.14316216280301;1.0871010916201;1.0421555173764;1.00282902818319;0.302383204157028;1.05036933680167;0.172292297340303;0.170745951105015;0.169466394591384;0.210196052279186;0.242850045770577;0.271421644726945;0.780311646995246;0.2368825170302;1.2988222640186;1.29893732781179;1.28425744326498;2.65566006196266;1.35310413251463;1.2838713798692;1.23995351234266;1.36653727149632;0.0563757506849609;0.0562921541925952;0.0669574279712072;-0.929398118455389;0.0169387246730179;0.0672379119081758;0.0991452528310421;0.00717924022414959;0.923324196870896;0.924254155222786;0.931883343330557;0.456448461218246;0.856009069600263;0.868905264936484;0.625762011122106;0.853778089477232;"RF-GAM";1.02854337128643;NA;NA
"Occurrence.Sphaeriidae";0.428783934548159;"family";1.36593829332975;1.00418358742838;1.00911956325111;1.00872728950957;0.957734944158516;0.921435402335284;0.872420007688203;0.286882966874757;0.893802132086667;0.264839713234427;0.2612260977096;0.261513280332313;0.298844648520803;0.325419452082936;0.361303499617467;0.789973699195868;0.34564969995252;1.22159102603218;1.22653908645081;1.24329926163838;1.47155305821226;1.17817392957675;1.20369171632566;1.22702084264414;1.19326502208176;0.105676272495221;0.102053809868036;0.0897837276326824;-0.0773203045834913;0.137461819959148;0.118780312255965;0.101701117366707;0.126413668971139;0.896996140774734;0.896990720873167;0.889330820570305;0.773438549368347;0.87952854127924;0.847354738584278;0.624959183433503;0.860939154898456;"SVM-GAM";0.214782124542639;NA;NA
"Occurrence.Taeniopterygidae";0.440684269245073;"family";1.37218774001095;1.15710072584451;1.16268333214661;1.15969710839224;1.09590660316801;0.996864503223272;0.966264862484637;0.297627720458436;1.0201307896045;0.156747511943751;0.152679113619441;0.15485536375439;0.201343539799251;0.273521782656856;0.295821676356818;0.783099854502372;0.256566168127725;1.13417382125264;1.1236846409216;1.13746676776509;1.76424689217567;1.01609525672195;1.02094468488533;1.08951386708983;1.11114474635258;0.17345579749635;0.181099926667004;0.171056019086706;-0.285718302775098;0.259507116195454;0.255973031155937;0.206002330933857;0.190238541015011;1.01152940945652;1.0196906995876;1.01117717333088;0.715931959975701;0.990430703175464;0.973030441360884;0.673045009067608;0.955512934622029;"SVM-GAM";0.545225418970552;NA;NA
"Occurrence.Perlodidae";0.443659352919301;"family";1.37357028038428;1.08959327524957;1.09977114902665;1.0962455819049;1.03887118424231;1.03297262775715;0.963924041389492;0.293552648494708;1.00371382581623;0.206743702299141;0.199333907603934;0.201900625282748;0.24367089250674;0.247965216990454;0.298234640662278;0.786284944653446;0.269266494659874;0.870548598864884;0.863833341515836;0.893481205676717;1.14263316174066;0.843636980974059;0.825460237769671;0.826551550496148;0.823634842136738;0.366214738847341;0.371103645840268;0.349519119308006;0.16812908807186;0.385807196747125;0.399040406189676;0.398245898080363;0.400369348478979;1.11574499438306;1.12520912104527;1.10669952835277;0.949441854382037;1.09929363483933;1.07168470595677;0.766056424290504;1.09421749551393;"ANN-GAM";0.232240260407119;NA;NA
"Occurrence.Athericidae";0.368910375604314;"family";1.31674643300699;1.14130385170338;1.14594375760396;1.14346877089525;1.08149769939307;1.05008467156057;0.992577284424549;0.318453137205614;1.03918486990633;0.133239458187071;0.129715692498958;0.131595315368376;0.178659100732623;0.2025156512765;0.246189501984944;0.75815150949118;0.210793480159127;1.05883838298201;1.07946680331056;1.0411949327484;1.00802733293398;1.08508837903125;0.97897658142606;0.88572019819864;0.982937165992217;0.195867665603627;0.18020146001426;0.209266942633234;0.234455998766599;0.175932167476406;0.256518524078765;0.32734186628783;0.253510667389826;1.04209460854749;1.03379704681691;1.05246698622301;1.03741825870607;0.982650414089588;1.00682352639219;0.75304256127914;1.02852306112733;"RF-SVM";0.151409698811425;NA;NA
"Occurrence.Psychomyiidae";0.336184455187802;"family";1.27694430252207;1.05157069059021;1.05769561065524;1.05840339308436;0.985010090362296;0.979611040236324;0.919398454944468;0.29384090780014;0.924476869553379;0.176494473162794;0.171697928745832;0.171143650514805;0.228619377981624;0.232847479485589;0.280001129940766;0.76988745145753;0.276024124366693;1.38562037033132;1.358841785341;1.33044627979021;1.7102644520094;1.2875100048962;1.27784135180047;1.21906222425473;1.24830772929816;-0.0851063492703662;-0.0641355168406092;-0.0418984423693911;-0.33934146433128;-0.00827420769508983;-0.000702496793809851;0.0453285849296768;0.0224258592699377;0.846178592109437;0.860214856891633;0.872823916016775;0.695845809807609;0.857315329490481;0.835920765559528;0.629637729061498;0.850513129502733;"RF-GAM";0.384670049260957;NA;NA
"Occurrence.Nematoda";0.335812569728524;"phylum";1.27643766236218;1.2316632318797;1.23825138492251;1.23678819942088;1.20461376875821;1.17257307105643;1.15045574257571;0.405804626350937;1.16854753417454;0.035077647583368;0.0299162885628122;0.0310625924872241;0.0562690178469454;0.0813706727467895;0.0986980590601854;0.68208034100157;0.0845244005006681;1.29525006673726;1.30454135577212;1.29731313119431;1.35222876698354;1.27975143045635;1.26703981927971;1.33996057866824;1.21045090206569;-0.0147382084764445;-0.0220172862636535;-0.0163544757787031;-0.0593770513485926;-0.00259610648594911;0.00736255546164213;-0.0497657803268696;0.0516960304777981;0.968706679326758;0.96739829076867;0.970190858124305;0.928850481174204;0.94782141080564;0.943374405697622;0.626831210616746;0.979266277709227;"ANN-GAM";0.111073081826391;NA;NA
"Occurrence.Hydraenidae";0.317218296764597;"family";1.24950976125645;1.14158610625722;1.14516939086078;1.1447278750475;1.09719824938882;1.08078492409327;1.04158551044397;0.352244293576923;1.05878534413655;0.0863727986332041;0.0835050462436959;0.0838583974754891;0.121897016406236;0.135032828389847;0.166404663060337;0.718094004145496;0.152639397493075;0.989774535396501;0.990495499755005;0.994252437569395;1.47882987275262;0.962773767234794;0.95265690367246;0.948145799403502;0.901395195137617;0.207869705314483;0.207292707534346;0.204285978070614;-0.183528067252215;0.229478794734125;0.237575461023599;0.241185760365657;0.278600917666128;1.0788609249512;1.08040605308389;1.07814041460396;0.826284766137406;1.06078115821628;1.04546765638872;0.742337896826376;1.08187438068205;"ANN-GAM";0.462128984918342;NA;NA
"Occurrence.Planariidae";0.326143547787281;"family";1.26282770894167;1.21380122968046;1.21661148983297;1.217521366272;1.1743632681923;1.09124674829731;1.07583214162566;0.353929436677961;1.08415694852724;0.0388227775761209;0.036597406583224;0.0358768993971739;0.0700526604880269;0.135870443314991;0.148076864319615;0.719732601548174;0.141484669008539;1.07919396096188;1.08413774465243;1.07128684113318;1.30594480949902;1.04788847071069;1.02699202611692;0.943275949823859;1.00148395379999;0.145414728137129;0.141499876051176;0.151676168057011;-0.0341432962327739;0.170204721284669;0.18675206534896;0.253044621095315;0.206951235937563;1.06962020231822;1.06847978076621;1.07585668723767;0.936326750832619;1.02191583871157;1.02472066936129;0.744774898016243;1.04220274502361;"RF-GAM";0.287187917328089;NA;NA
"Occurrence.Sericostomatidae";0.276682781703235;"family";1.17958594850796;1.10790025274058;1.11228743786128;1.11298936116368;1.07259026824871;1.07704486748321;0.996546256959888;0.306899392665579;1.00379053322094;0.0607719139568019;0.0570526554099775;0.0564575963527901;0.0907061332788707;0.0869297240734807;0.155172831432586;0.739824475652858;0.149031459309417;1.07977753293294;1.04764524122398;1.0636427372279;2.39386392592948;1.04802886961906;0.997031676829161;0.932193347922285;0.977234717680012;0.0846130930105362;0.111853407079721;0.0982914483058389;-1.02941034433094;0.111528184152507;0.154761314264306;0.209728338065233;0.171544287284788;1.0141606858315;1.03284909817416;1.02498021705287;0.516522293438241;1.01461375074542;0.999757319517037;0.731508105718581;1.01336645064186;"RF-GAM";1.23913868239617;NA;NA
"Occurrence.Tipulidae";0.274823354406843;"family";1.1759949175073;1.12004529679542;1.12200724619379;1.12923020732516;1.10665670267152;1.12339831085889;1.08164031332759;0.387106472117277;1.09207765122568;0.0475764137063383;0.045908082177721;0.0397660818817694;0.0589613218590658;0.0447251989488966;0.080233853714019;0.670826407194166;0.0713585280279032;1.24905824635993;1.24901493797416;1.27691406572716;1.99101297112732;1.29173666673749;1.23623242491402;1.26914900765063;1.26792730289655;-0.0621289495089866;-0.0620921224911791;-0.0858159731113295;-0.693045557839297;-0.0984202801450224;-0.0512225916200442;-0.0792130040330312;-0.0781741349563999;0.937530043939504;0.938470510039198;0.928818501320621;0.642635149942685;0.919275721766752;0.925615779124125;0.643379023192501;0.915829720869792;"BCT-GAM";0.641822966219252;NA;NA
"Occurrence.Polycentropodidae";0.256972852361473;"family";1.13973348306801;1.04101053626809;1.04407685806528;1.04570239188418;0.987997676818782;0.952909601485577;0.884287619279936;0.277003434303661;0.944614408923822;0.0866193265939381;0.0839289416550543;0.0825027013602392;0.133132709096844;0.163918919956204;0.224127717210208;0.756957711237889;0.171197106203243;1.2942561588876;1.27622227434088;1.29656550849008;1.59455950188315;1.32943585817046;1.24035456316693;1.21923680259541;1.41090327258263;-0.135577903181044;-0.119755007026259;-0.137604122149598;-0.399063487711889;-0.166444504720348;-0.0882847451564409;-0.0697560620166989;-0.237923859870003;0.881065938037026;0.89041048085591;0.882116135886381;0.738391643767436;0.828396703900929;0.836914409868097;0.624304727697316;0.792039169596503;"RF-GAM";0.32930742569519;NA;NA
"Occurrence.Odontoceridae";0.246931944960952;"family";1.11787874294149;1.02905915386656;1.03339744298942;1.03179409121712;0.967506400153302;0.998902112879858;0.922881825919167;0.266853845749265;0.893002665855084;0.0794536881891301;0.0755728655594366;0.0770071461398854;0.134515790498448;0.106430711571243;0.174434766072412;0.761285517383496;0.201163210684805;0.955895698689391;0.966513874679004;0.928501987507073;1.41822005053794;0.943909261292983;0.94122486629703;0.976808290409535;1.2202960815438;0.144902159804801;0.135403655555875;0.169407242628217;-0.268670738658255;0.155624644217437;0.158025973532358;0.12619477150156;-0.0916175741322561;1.0372590732365;1.03400724636871;1.05300296809864;0.798231338885229;1.0278779412526;0.99087040991684;0.701189414487673;0.849041928752953;"hGLM-GAM";0.438077981286472;NA;NA
"Occurrence.Dugesiidae";0.223131275567125;"family";1.06168527830838;0.930030664834284;0.935209386565998;0.937844652042187;0.896182795388421;0.929373122609535;0.870128440297764;0.253434479564899;0.886513008790547;0.124005311332818;0.119127479985316;0.116645326818054;0.155886576089351;0.124624649509755;0.180427139684779;0.761290389211477;0.164994535665922;1.26570424022017;1.26546951207626;1.28981046248304;2.55668156699819;1.33557771465008;1.2458474919582;1.21905450359278;1.3129999930832;-0.192165198180811;-0.191944108043553;-0.214870817967951;-1.40813508412948;-0.257978934000194;-0.173462152497058;-0.148225871168845;-0.236713007055388;0.845491818094288;0.847783431868014;0.838632319449182;0.435940555377837;0.816194743680893;0.828731114371657;0.61704704376311;0.807959381499279;"RF-GAM";1.25990921296064;NA;NA
"Occurrence.Lymnaeidae";0.216065451840833;"family";1.04376566858319;0.843748390629764;0.849135285383727;0.847442283597227;0.81474892046736;0.860994645996769;0.733556257787424;0.234983718971974;0.78603331553158;0.191630443473895;0.186469424179905;0.1880914374703;0.219413949901893;0.175107333080339;0.297202159577488;0.774869277611955;0.246925493728352;1.40518323327911;1.31767099169659;1.44937003915659;1.35397883144443;1.28648422835684;1.23338496134053;1.20761959482535;1.23399400440555;-0.34626312741874;-0.262420322259887;-0.388597156221827;-0.297205754316793;-0.232541237060535;-0.181668451516264;-0.156983440990712;-0.182251957070578;0.755241720534694;0.791149875521032;0.740104506481907;0.763673486017624;0.808362412111082;0.778867488831467;0.614886280563301;0.799330845512761;"RF-hGLM";0.231613715231115;NA;NA
"Occurrence.Erpobdellidae";0.209743399033098;"family";1.02723298994066;0.653444878428333;0.661290084011761;0.659167108637929;0.629425344750627;0.646491964024056;0.623127469934254;0.170344349254142;0.603381332542777;0.363878609013445;0.356241387798537;0.358308080938868;0.387261360456322;0.370647194594676;0.393392272214459;0.834171652466125;0.412614919447213;1.53098359363261;1.30059242789505;1.3052590589284;1.60285544343474;1.81490932919825;1.40702693121476;1.29397239901481;1.31883257738431;-0.490395663520349;-0.266112401598563;-0.27065531550325;-0.560362117582818;-0.766794239448132;-0.369725218128008;-0.259667876408008;-0.283868986198045;0.644829487499182;0.726402382416784;0.723940570329939;0.614642150678724;0.557546883852654;0.675738082027582;0.570173815661996;0.69926491130114;"RF-SVM";0.507126363040123;NA;NA
"Occurrence.Scirtidae";0.198214949795463;"family";0.995835677331573;0.966572449031449;0.970882070619328;0.969767677113267;0.929451632138466;0.945041007662546;0.840543616330276;0.26796506767533;0.874609240755679;0.0293855994179051;0.025057956126969;0.0261770097333302;0.0666616457958095;0.0510070796068843;0.155941451522821;0.73091437294819;0.121733373623177;0.511140834400231;0.52712168265767;0.513429602304892;3.89694151446236;0.599549560359803;0.516737786079411;0.627475917108777;0.557016505312238;0.486721709178087;0.47067403321988;0.484423370248523;-2.91323749808257;0.397943281198412;0.481101352520273;0.36990014377658;0.440654198286195;1.25572840589125;1.24842180045817;1.25629766878167;0.226786792905778;1.1885638429825;1.1757460886183;0.835474522843585;1.17209924513822;"iGLM-GAM";3.39995920726066;NA;NA
"Occurrence.Ephemerellidae";0.197471178876906;"family";0.993753370585415;0.723426633463828;0.727978050634292;0.727086350280393;0.679799046892088;0.637316819800422;0.622120655348761;0.172256426534543;0.633364475291486;0.272025982626192;0.267445955724967;0.268343261213725;0.315927807629351;0.358677073542924;0.373968759489819;0.826660787642846;0.36265426207473;1.15425664221717;1.1437777734486;1.15954777056393;1.29744858239217;1.15093295588352;1.06202063624004;0.986638256253768;1.06235647234717;-0.161512178355884;-0.150967440517765;-0.166836566180246;-0.305604208041934;-0.158167599678694;-0.0686963865233544;0.00715983919375834;-0.0690343336610144;0.806206791394845;0.812288374054131;0.805549432009612;0.734309433447131;0.773516662086853;0.80255893257348;0.665517121064467;0.806948040705559;"RF-GAM";0.312764047235693;NA;NA
"Occurrence.Asellidae";0.188174042394942;"family";0.967128897507618;0.620287680705106;0.622841777919784;0.629330967749307;0.592785610270111;0.641202541018225;0.613537509852717;0.159049904522931;0.566003694043223;0.358629772821755;0.355988866091267;0.349279119493635;0.38706659288356;0.337004051196625;0.365609370753102;0.835544253787869;0.414758781893636;1.24333063346717;1.2228177159081;1.2558791883321;1.26006538690277;1.4670567834785;1.28147122878298;1.13467826718426;1.23184399759188;-0.285589373527508;-0.264379256022041;-0.298564432898879;-0.30289291339559;-0.516919603228941;-0.325026304234578;-0.173244094048301;-0.273712326005828;0.73233188249793;0.740827133523674;0.731049496911517;0.716311687994979;0.661710505718277;0.716077513025769;0.613966948965244;0.716827429268947;"RF-SVM";0.343675509180641;NA;NA
"Occurrence.Ephemeridae";0.178133134994422;"family";0.93710166506216;0.736924471790292;0.744437530414678;0.745087126605204;0.690334604647529;0.738411851685424;0.692053932559911;0.171820205494149;0.655515441529178;0.213613101689014;0.205595765999095;0.204902568862919;0.263330084253198;0.212025888742345;0.261495354920743;0.816647209262239;0.300486312244791;1.13936767919985;1.09561173992298;1.11334537533013;1.37262109967389;1.1538076194801;1.09103976294425;1.05107640881619;1.14397920234038;-0.215842124370015;-0.169149283125332;-0.188073201487995;-0.464751532143356;-0.231251274538679;-0.164270434704523;-0.121624737211909;-0.220763173294002;0.817731199210461;0.838964316210156;0.831828387581569;0.710957058081147;0.812452454606907;0.819146024284531;0.644275981701722;0.783305979894306;"RF-GAM";0.343126794931447;NA;NA
"Occurrence.Chloroperlidae";0.185570844179993;"family";0.959473050927388;0.795705662561705;0.798580812907139;0.799792170897865;0.734115639708221;0.829744575006105;0.726437577120637;0.225568454730819;0.736719627019416;0.170684719291899;0.167688126169606;0.166425601923036;0.234876228156013;0.135208045495277;0.242878602563676;0.764903814116724;0.232162251657477;0.542545310515214;0.555786370972755;0.575581271066384;0.571279981371915;0.621075297320882;0.524065669131866;0.438538620900448;0.491998671610981;0.434538249937493;0.420737903544498;0.40010689147543;0.404589862300208;0.352691254099763;0.453798448403188;0.542938052844137;0.487219916040961;1.13494044253966;1.12907331489818;1.11863081395093;1.08482407302502;1.10997183246279;1.10648237745195;0.898988458195797;1.13016142635656;"RF-SVM";0.190246798744374;NA;NA
"Occurrence.Stratiomyidae";0.172182967645965;"family";0.918661513424507;0.884431565671511;0.889981685852596;0.885954456002317;0.855197784205986;0.876108566916853;0.795588583342163;0.285108668949927;0.845226202876118;0.0372606746367295;0.0312191456296029;0.0356029472708262;0.0690828213559821;0.0463205934784718;0.13396983359362;0.689647748617308;0.0799372886261915;0.8212586771831;0.819759954596525;0.822480385708817;1.26317398452913;0.873416557225647;0.792553781341839;0.907436278245432;0.753864597803115;0.106026904162249;0.107658323966686;0.104697025302774;-0.375015678865632;0.0492509542826058;0.137273337611124;0.0122191198989389;0.179388069722303;1.03209059003056;1.03573452979378;1.03224602518729;0.815472075115492;1.00134691111669;1.00151855283558;0.732593863760531;1.04674024079684;"ANN-GAM";0.554403748587935;NA;NA
"Occurrence.Dytiscidae";0.164373373001116;"family";0.8937025840299;0.834755348135215;0.838607415250383;0.840414362634944;0.800616544894933;0.819986173104713;0.766076307094906;0.228425077715765;0.788455643113322;0.0659584485353939;0.0616482147014513;0.0596263481243022;0.104157737482666;0.0824842763604678;0.142806207809649;0.744405933475378;0.117765062781844;0.989900487752464;0.97422069755953;0.987390602192976;0.913970855008021;0.984224677291085;0.907289317994516;0.986220228297913;1.01712616204226;-0.107639728743747;-0.0900949767500463;-0.104831316186439;-0.0226789888944116;-0.101288834651234;-0.01520274664906;-0.10352173745636;-0.138103637852109;0.925359868771345;0.934441138569736;0.929147184199825;0.944899076017715;0.921162101637353;0.931828489428148;0.684615730642247;0.891958868096759;"BCT-ANN";0.122900891203049;NA;NA
"Occurrence.Hydroptilidae";0.156563778356266;"family";0.867855311158231;0.6010424217656;0.607348293520309;0.603790898164084;0.584976637531835;0.681053578639552;0.570428220463851;0.168395578031422;0.568727663629108;0.307439369169205;0.300173328766349;0.304272393795377;0.325951422995694;0.215245248968259;0.342715066521211;0.805963533475778;0.344674560013823;1.27887468068903;1.27200382767905;1.2987963669955;1.40096377100217;1.62121463369459;1.26691523589713;1.2924374864254;1.27217404176401;-0.473603565301981;-0.465686516317386;-0.496558643239896;-0.614282649411297;-0.868070187334491;-0.45982310600406;-0.48923152259162;-0.465882648187262;0.712542207881682;0.717252192666219;0.706450082198721;0.664983156821397;0.624951940421759;0.70592695662204;0.570055842190452;0.703474824549406;"BCT-SVM";0.408247081330431;NA;NA
"Occurrence.Hydrobiidae";0.137597619933061;"family";0.801156770193558;0.470742447991421;0.475494516065059;0.475530623669191;0.44762388553229;0.506031909462616;0.419420711528237;0.120740449138642;0.42101485947633;0.412421556547928;0.40649004819596;0.406444978859377;0.441278034230248;0.368373421670818;0.476481099414655;0.849292356214538;0.474491291667405;1.2477075182573;1.22333518494541;1.29458205082104;1.58811242003212;1.56650088224446;1.29151546282523;1.19816195951048;1.45261162072413;-0.557382480779461;-0.526961052391599;-0.615891045279779;-0.98227423035873;-0.955298813571772;-0.612063344997016;-0.495539954335041;-0.813142788986458;0.678085064441973;0.688031722078022;0.663965085095365;0.565387316225954;0.588466966003961;0.646587092726983;0.583500042052616;0.597023752096969;"RF-GAM";0.486734276023688;NA;NA
"Occurrence.Perlidae";0.143175901822239;"family";0.821374086085994;0.642075550331233;0.648078773414241;0.646491508119802;0.584321020166815;0.576704384325078;0.527426075626491;0.163576213498545;0.546811553084993;0.218290957545486;0.210982201176492;0.212914652323085;0.288605484315657;0.297878525638439;0.357873489605962;0.800850530507947;0.334272212445055;0.608427360056118;0.586309345657334;0.612301947844916;0.462569378692659;0.613219631486975;0.594048613937119;0.479724366123969;0.542050208959862;0.259256689049697;0.286184753586261;0.254539486675732;0.436834705978014;0.253422232482297;0.276762410696598;0.415948988103644;0.340069015881867;1.01696641725283;1.03136659477777;1.01724173206748;1.06276693237834;0.981908037106247;0.967237441545666;0.853786534267631;1.00238350811242;"GAM-SVM";0.183412473495717;NA;NA
"Occurrence.Planorbidae";0.13015991074749;"family";0.773381154033002;0.476113757306692;0.480636786455826;0.483696875310217;0.452388334648972;0.507250964321895;0.456047898837631;0.126752197358712;0.441093044841976;0.3843737272057;0.378525344263411;0.374568577488796;0.415051256046424;0.344112587077278;0.410319353582063;0.836106431223817;0.429656331109468;1.20805406792201;1.16830716026179;1.17647463916899;2.18712083878677;1.38665649289236;1.28456330359672;1.16135031357176;1.10757985030084;-0.562042288750238;-0.510648603433562;-0.521209345526392;-1.82799862316459;-0.792979419864663;-0.660970527789597;-0.501653237237017;-0.432126765082223;0.693523498896352;0.709045778450682;0.707237401776775;0.42005641635576;0.644227880161928;0.660830631694711;0.596128483918019;0.716595751564829;"ANN-GAM";1.39587185808237;NA;NA
"Occurrence.Glossosomatidae";0.115284492376348;"family";0.714846343977457;0.66543063052393;0.669453395517163;0.670137556168484;0.634881326637054;0.648829146886792;0.576548721764193;0.165166616835469;0.594976581588514;0.0691277417445748;0.0635002876390538;0.062543213916728;0.111863224893159;0.0923515908654444;0.193464824123973;0.768948084819921;0.167686053651724;0.443468766691552;0.45660256755993;0.434841073509825;1.38812700459668;0.450248608181062;0.414536426771746;0.427537244097593;0.477996863946258;0.379630643105679;0.36125774244104;0.391699940590957;-0.941853681272312;0.370146309099315;0.420104152082201;0.401917282364844;0.331329217847505;1.11737360047786;1.11229496169592;1.12484836660196;0.686174823494278;1.10438682268594;1.08437756275324;0.877055229041439;1.06023423361507;"BCT-GAM";1.36195783335451;NA;NA
"Occurrence.Blephariceridae";0.12235031610264;"family";0.743163645502999;0.549265529123233;0.557428879732359;0.555627142158454;0.510864142219915;0.630792981369233;0.479806645557814;0.184348371713865;0.509176565974096;0.26090904412921;0.249924450549419;0.252348866201083;0.312581898601695;0.151205814242581;0.354372824261252;0.751941079425257;0.314852698924114;0.0554877504042304;0.0536493630984897;0.0543493086409872;2.00166287642609;0.194105400649144;0.0784703152468301;0.0741563344629118;0.0570345501397661;0.925335757824006;0.927809489305444;0.926867643526613;-1.69343486934333;0.738812034437224;0.894410449540062;0.900215336269954;0.923254386184132;1.28003687915908;1.28645420859013;1.2848460641799;0.474544744531427;1.24401467436411;1.22221912962911;1.05664206712366;1.2536646822356;"chGLM-GAM";2.62124435864878;NA;NA
"Occurrence.Glossiphoniidae";0.11230940870212;"family";0.702633278087749;0.46712977260422;0.471846093456408;0.47237322119686;0.429501228262907;0.437179735204491;0.41701313927852;0.112701094620885;0.409277222668042;0.335172717871353;0.328460367347587;0.327710149905728;0.388726321884703;0.377798136185214;0.406499589069506;0.839601826250521;0.417509481216275;0.97487343242246;0.9823154627479;0.957595058474829;1.33547946917846;1.04952331960839;1.00024392633232;0.968359922534438;1.01134940800449;-0.387456960586361;-0.398048588619827;-0.362866075858192;-0.900677794272755;-0.493699988797458;-0.423564692316495;-0.378186819118327;-0.439370208534566;0.775791228906878;0.774734658295597;0.78457671857044;0.635725049986315;0.736260124842962;0.747055803225082;0.651922614213175;0.740051061847233;"hGLM-GAM";0.537811718414563;NA;NA
"Occurrence.Capniidae";0.105987355894385;"family";0.676085621104913;0.506670701983855;0.516222115820939;0.520440310621633;0.449320682334029;0.478292507805836;0.383705981054492;0.123302659439935;0.435118164459554;0.250582047351025;0.236454526310902;0.230215383413882;0.335408610525227;0.292556308143084;0.432459485786122;0.817622715835275;0.356415591639933;0.412546913418703;0.406528474481815;0.378851260156354;0.353611958247488;0.33661174047189;0.318585286778734;0.36786140058672;0.343412935407954;0.389800787739746;0.398702676419248;0.439640116088839;0.47697163316447;0.502116699476951;0.528779674003306;0.455895245951938;0.4920570343639;1.04818688384713;1.05637878688621;1.07336065467741;1.0490178673801;1.07340987844517;1.03309623566383;0.884901118634158;1.04692009877032;"BCT-iGLM";0.13897888626356;NA;NA
"Occurrence.Goeridae";0.0899962811454072;"family";0.605058437882366;0.562232837382243;0.567273489526298;0.563457858750833;0.541213647676046;0.578337667113853;0.542591016397663;0.133276678029178;0.529716212120547;0.0707792798494111;0.0624484281027652;0.0687546467034339;0.105518386669839;0.0441622975493614;0.10324196403794;0.779729246491247;0.124520576930566;0.559367148565163;0.56039060922831;0.560502208257271;0.610131008482302;0.571732318483647;0.553644089004806;0.555072044688778;0.595656678362022;0.0755154981015007;0.0738239909691846;0.0736395475799611;-0.00838360442949849;0.0550791746915498;0.084974187051262;0.0826141576812558;0.0155385974836568;1.00143387142055;1.00344736870311;1.00147891776863;0.966128258891947;1.00330813415295;0.994488706904544;0.8098569245062;0.967567360621173;"BCT-GAM";0.0933577914807605;NA;NA
"Occurrence.Philopotamidae";0.0948307921160283;"family";0.627148558480499;0.547791405855351;0.551722230720312;0.550504792832731;0.517485276477238;0.590879972094444;0.502895999657175;0.156677288346684;0.520487583029478;0.126536450657593;0.120268677556934;0.122209904832542;0.174860135641484;0.057830933190581;0.198123007927136;0.750175159891472;0.170072902199515;0.041320636117268;0.0392215594876347;0.0437776587440048;5.05209179928332;0.17813198413936;0.039768550953106;0.0418658737244764;0.0297904250106495;0.934113479878862;0.937460496468869;0.930195711762342;-7.05565400887454;0.715965249811063;0.936588308439295;0.933244088408794;0.952498615188038;1.28818646075214;1.29207614013412;1.28835159387824;0.103591162028284;1.22921283623798;1.26056965300254;1.05908540193604;1.27806674280584;"ANN-GAM";8.00815262406258;NA;NA
"Occurrence.Dixidae";0.092599479360357;"family";0.617022337572615;0.570827176990504;0.579769110485239;0.575245536454334;0.527233653946611;0.606279232216611;0.481132411334063;0.187774822221822;0.541487907370347;0.0748678901380531;0.0603758159452244;0.0677071129752483;0.145519340481636;0.0174112097760802;0.220235018999712;0.69567581141303;0.122417659139251;0.0487331662016012;0.05879227393699;0.0448752116799604;5.16436232408812;0.189109848278243;0.0511031108225825;0.0682864476302;0.0443146305143724;0.921018797482569;0.904716133668222;0.927271333714593;-7.36981420219709;0.693512152214445;0.917177859356561;0.889329051037535;0.928179860248322;1.29828869057144;1.29756368573845;1.30367234451489;0.098414774870673;1.23193326049664;1.23988006139299;1.06156495000738;1.28221190638108;"ANN-GAM";8.29799406244541;NA;NA
"Occurrence.Gyrinidae";0.0829304574191149;"family";0.571737729719057;0.320510419905481;0.324928547987552;0.32392753088791;0.30017522168317;0.340635604536592;0.282187714803292;0.0714135581901959;0.305053691392365;0.439410059463847;0.431682516129875;0.433433348806484;0.474977413453767;0.404210030525753;0.506438529180234;0.875093850767401;0.466444707886842;1.02529532349118;0.962297686551544;0.986467810854611;2.38079012505807;1.28448293936864;0.946716932494758;0.868948572427495;0.900531760258469;-0.793296594218117;-0.683110343311437;-0.725385189008508;-3.16412981215697;-1.24662965657316;-0.655858767550568;-0.519837728488695;-0.575078420486568;0.703004172583554;0.727104864347358;0.718011179311534;0.353346028424087;0.623801127452403;0.717297494478356;0.671146720050878;0.742495080116431;"RF-GAM";2.64429208366827;NA;NA
"Occurrence.Leptoceridae";0.079583488285608;"family";0.55550185039821;0.229425120327642;0.234562752071555;0.23537746650792;0.215655484644404;0.232277793269679;0.249978435072723;0.0459222962989798;0.200899155179791;0.586994858499248;0.577746227301657;0.576279599538345;0.611782598942179;0.581859550777066;0.549995315238777;0.917331875193466;0.638346559897548;1.26178597744528;1.2994399198434;1.24515993657029;1.19460282531115;1.6416373711244;1.38792766249679;1.03812583437333;1.20521595999154;-1.27143433733077;-1.33921798624415;-1.24150457046669;-1.15049297217425;-1.95523294827478;-1.49851132179283;-0.868807158120455;-1.16959846151293;0.596795703970816;0.587171355788426;0.603571219261941;0.6129489225009;0.494266818627153;0.566105618133059;0.608899670786389;0.60522293428402;"RF-SVM";1.08642579015432;NA;NA
"Occurrence.Caenidae";0.0758646336928226;"family";0.53710263645511;0.28734745469078;0.294062589377316;0.292733575504141;0.266041021179947;0.292781873222391;0.234693080606326;0.0610609475353404;0.253641234444394;0.465004572334107;0.452502055625465;0.454976468862283;0.50467377532193;0.454886546164141;0.563038673287276;0.88631419138371;0.527760213358042;0.964431376979198;1.08830573625057;1.02018640540023;1.79850491670449;1.24767329686716;0.943579100913772;0.935782820313603;1.01205734350714;-0.795618400506221;-1.02625282838568;-0.899425428505595;-2.34853116449896;-1.32296997293074;-0.756794766716127;-0.742279327634271;-0.884290403388705;0.71280886848562;0.67225229264298;0.695081332594778;0.464761016851936;0.620365963219621;0.70156409848233;0.645738318886616;0.684403204664462;"RF-GAM";1.60625183686469;NA;NA
"Occurrence.Calopterygidae";0.0769802900706582;"family";0.542663038656323;0.324995011091381;0.332246695968045;0.329414644822683;0.302819501854153;0.330841751795802;0.324232372370593;0.0777032416120689;0.292276226913583;0.401110840539104;0.387747695529967;0.392966497887271;0.441975074248731;0.39033667630102;0.402516203842778;0.85681125103993;0.461403843465583;0.926470134227613;0.912769728105677;0.911037187232389;1.69980980085898;1.15394827697471;0.927956983341547;0.909804088697901;1.04517643708446;-0.707265961067897;-0.682019343653416;-0.678826679421892;-2.13234858424824;-1.1264545302956;-0.710005873330239;-0.676554369633592;-0.926013681846477;0.740272023085122;0.748067910216821;0.74765676906491;0.497333152992405;0.662620227185446;0.73943987469461;0.659647007906575;0.686293359381049;"RF-GAM";1.45579421461465;NA;NA
"Occurrence.Tabanidae";0.074748977314987;"family";0.531506725909808;0.44229519639271;0.447050833704141;0.446192052668226;0.414416832344149;0.44256622867202;0.4257158714822;0.108870264435593;0.416426605132441;0.16784647337132;0.158899009341979;0.160514757542427;0.22029804677491;0.167336541387211;0.199039540368036;0.795166722962472;0.216516772351992;0.748556567012201;0.70969380574657;0.746309013590737;0.956075910697836;0.685413278586727;0.653080905512349;0.69898859872797;0.785857127389594;-0.408367063899066;-0.335248965159849;-0.404138418593369;-0.798803033134287;-0.289566519432975;-0.22873497864855;-0.315107720474233;-0.47854596956304;0.858017584190426;0.876935806465817;0.860657643297357;0.762746503721058;0.885658781552165;0.892541277574094;0.744487536959816;0.831340965242542;"BCT-GAM";0.570068054485736;NA;NA
"Occurrence.Pediciidae";0.0650799553737449;"family";0.481444445479195;0.466955536470976;0.473815384244405;0.474043555032575;0.39015930631779;0.361793383833044;0.335698695183437;0.0889432091197859;0.364352116485959;0.0300946643881162;0.0158461922376034;0.0153722626070659;0.189606796835191;0.248525167897739;0.302725998117381;0.815257585885619;0.243210468191591;0.259091342297455;0.255055914741726;0.285866226604031;0.333551763885309;0.315218923104455;0.250140975124799;0.279448377208088;0.274653187707158;0.461845816832356;0.470227734192962;0.406232163880298;0.30718535229269;0.345264181434871;0.480436470970546;0.419562568782063;0.429522574647656;1.10952511237018;1.11558589665179;1.09865715317208;1.02870812888267;1.02356049498258;1.04370706397906;0.909143270380765;1.04587040731753;"BCT-GAM";0.173251118677856;NA;NA
"Occurrence.Cordulegastridae";0.0661956117515805;"family";0.487370197776341;0.445184407048962;0.453694261822824;0.45058302624897;0.421969420477459;0.470367173503378;0.441459979335186;0.122555996100199;0.417106794703345;0.0865580023560205;0.0690972408800656;0.0754809623058903;0.134191170484525;0.034887287631742;0.0941998888127004;0.748536129908294;0.144168444015611;0.311816283883113;0.349125354638499;0.321467776522457;1.0965142744376;0.342627713313957;0.351527456218871;0.387591562853523;0.305102214317462;0.360206501534571;0.283654691584741;0.340403295094416;-1.24985909979831;0.296986736412651;0.278725991407069;0.204728634163648;0.37398261996833;1.0689577000152;1.0536754216476;1.06668704416871;0.713714378362906;1.06595352805122;1.04599256915393;0.875887357732907;1.05760010584214;"ANN-GAM";1.62384171976664;NA;NA
"Occurrence.Anthomyiidae";0.065823726292302;"family";0.48539945313509;0.423198323064197;0.435361784019073;0.426979403909216;0.405775312299606;0.407959374519253;0.418090154712714;0.108488180272984;0.395679141246931;0.128144211265895;0.103085549010891;0.120354583938139;0.164038381834198;0.159538866629677;0.138667849721791;0.776497110632733;0.184838098412916;0.66447518415402;0.685958222430289;0.705938858665742;2.24285424793615;0.680001657565349;0.664687517689004;0.881310806972134;0.726555653672209;-0.368924459766731;-0.413182932118759;-0.454346217545642;-3.62063612443326;-0.400911462040933;-0.369361900587095;-0.815640296419655;-0.496820091121946;0.886354380332521;0.882233764297751;0.869810656368082;0.399101516227353;0.872824179461151;0.883999588813108;0.679490984481916;0.847522190819387;"iGLM-GAM";3.25171166466653;NA;NA
"Occurrence.group.Hemiptera";0.0661956117515805;"group";0.487370197776341;0.3676295830855;0.372315039571377;0.374803720425406;0.355910376524312;0.36476815997664;0.367626163259136;0.0832440556043861;0.350091217099387;0.245687190634891;0.236073438076252;0.230967092088369;0.269732991167336;0.25155833975709;0.245694207531657;0.829197484819152;0.281672907582979;0.813378805530941;0.816049656351627;0.839506952024587;0.832312225044395;0.846766498610512;0.820494808077886;0.786553452889152;0.788454251148065;-0.668913711265146;-0.674393838759343;-0.722524183577277;-0.707761838622623;-0.737419527238106;-0.683514527194007;-0.613872691596357;-0.61777280339553;0.800215181007294;0.801021646134922;0.79266735993318;0.788044337960326;0.785842279173947;0.797371710046023;0.70352300748918;0.803175914819055;"RF-SVM";0.123546835641748;NA;NA
"Occurrence.Lepidostomatidae";0.0602454444031238;"family";0.455284676109605;0.247251468990729;0.255776007451362;0.250547758972731;0.212717881657239;0.208431541364019;0.17146478998629;0.0442658322969361;0.197642193345669;0.456929956212263;0.43820642144831;0.44968989267626;0.532780493569633;0.542195131307601;0.6233899382438;0.902773287528176;0.565893157146171;1.09030124858036;1.13878594875035;1.28741346965383;0.971636087162945;1.19251682063044;1.0605579566226;0.973224899768295;1.03072136465312;-1.39476816548485;-1.50126131738332;-1.8277109624131;-1.13412868508017;-1.61927730759678;-1.3294391669077;-1.13761839753641;-1.26390524157459;0.656045659348492;0.643067894157309;0.595452978107502;0.684231408022677;0.611376296415586;0.641114902331629;0.62846211341232;0.659324412490956;"GAM-hGLM";0.693582277332923;NA;NA
"Occurrence.Physidae";0.0565265898103384;"family";0.434602731747836;0.317099496084539;0.326209002281284;0.323756847313086;0.303973904644669;0.356326196729882;0.315959475233026;0.083596469472605;0.296615009583079;0.270369298395194;0.249408762413033;0.255051053151374;0.300570653520328;0.180110545332172;0.272992431588415;0.807648541148358;0.317503117409809;0.519201919204666;0.544664172577523;0.557575920209786;1.65975237408882;0.549173699139731;0.505242427984214;0.553440069691066;0.498932094790654;-0.194658664745614;-0.253246086114218;-0.282955396914766;-2.81901044987412;-0.263622290019041;-0.162538546300175;-0.27343900362822;-0.148018772878177;0.903886742250375;0.89652635819466;0.889665671839619;0.507687471289708;0.908079134899955;0.909699024600649;0.790632674600143;0.903789732349101;"ANN-GAM";2.67099167699594;NA;NA
"Occurrence.Sialidae";0.0524358497582744;"family";0.411251871797919;0.418056748868905;0.421174673572353;0.423705279087479;0.396035535851916;0.416184061984768;0.361459816280681;0.10369646613585;0.392351446309786;-0.0165467382342528;-0.0241282835529817;-0.0302817036068832;0.0370000405821367;-0.0119931130411317;0.121074355964767;0.747851685920583;0.0459582722517561;0.212615434185933;0.233105471595867;0.20589616451959;0.220765673358424;0.246022670196017;0.229933849299404;0.262148965439076;0.232659746484471;0.483004336840058;0.433180764438172;0.49934291211989;0.463186216288143;0.401771305938499;0.440892880817357;0.362558608443511;0.434264589563264;1.10818180338391;1.09859775782765;1.11505592129691;1.09158954404453;1.08880492524068;1.06797355980071;0.923830884382617;1.08312009174887;"hGLM-RF";0.13678430367638;NA;NA
