"Taxa";"Prevalence";"Taxonomic level";"Null_model";"ada2020.fit";"rf2020.fit";"ada2021.fit";"rf2021.fit";"ada2022.fit";"rf2022.fit";"ada2023.fit";"rf2023.fit";"ada2024.fit";"rf2024.fit";"expl.pow_ada2020.fit";"expl.pow_rf2020.fit";"expl.pow_ada2021.fit";"expl.pow_rf2021.fit";"expl.pow_ada2022.fit";"expl.pow_rf2022.fit";"expl.pow_ada2023.fit";"expl.pow_rf2023.fit";"expl.pow_ada2024.fit";"expl.pow_rf2024.fit";"ada2020.pred";"rf2020.pred";"ada2021.pred";"rf2021.pred";"ada2022.pred";"rf2022.pred";"ada2023.pred";"rf2023.pred";"ada2024.pred";"rf2024.pred";"expl.pow_ada2020.pred";"expl.pow_rf2020.pred";"expl.pow_ada2021.pred";"expl.pow_rf2021.pred";"expl.pow_ada2022.pred";"expl.pow_rf2022.pred";"expl.pow_ada2023.pred";"expl.pow_rf2023.pred";"expl.pow_ada2024.pred";"expl.pow_rf2024.pred";"ada2020.likelihood.ratio";"rf2020.likelihood.ratio";"ada2021.likelihood.ratio";"rf2021.likelihood.ratio";"ada2022.likelihood.ratio";"rf2022.likelihood.ratio";"ada2023.likelihood.ratio";"rf2023.likelihood.ratio";"ada2024.likelihood.ratio";"rf2024.likelihood.ratio";"Big.model.diff";"Big.pred.expl.pow.diff";"chGLM.model.diff";"chGLM.pred.expl.pow.diff"
"Occurrence.Simuliidae";0.923019709929342;"family";0.542663038656323;0.469770621115975;0.154401563559826;0.471104441684781;0.155572883754494;0.475850746235552;0.155900033271425;0.457489395570561;0.155337763477463;0.421601287755663;0.155198182376203;0.134323534768161;0.715474332023539;0.131865618024634;0.713315865145884;0.123119298093718;0.712713005740274;0.156954937075977;0.713749136366296;0.223088256020565;0.714006351417472;0.484837524653621;0.480906903171776;0.485385800943804;0.487030035600041;0.482845746949224;0.487300636497252;0.477150702384128;0.495486544633351;0.471027927970942;0.49982374138924;0.106558784887732;0.113801993291196;0.105548440988982;0.102518504289574;0.110229161461248;0.102019850653829;0.120723785490179;0.0869351525023426;0.132006614754443;0.0789427217544729;0.992494853555422;0.849376549491385;0.9928847544484;0.84727617413609;0.996508608773234;0.847300130623849;0.990217509512887;0.843602058217431;0.97558955385086;0.841715860519764;"ada2024-rf2024";0.0530638929999701;NA;NA
"Occurrence.Limoniidae";0.865005578281889;"family";0.791543597715128;0.702436346891753;0.236528228394654;0.719052970906575;0.235724967104557;0.680164619960158;0.236798621493633;0.732221354219974;0.235722383668274;0.697720686472544;0.234693453871009;0.112574027609588;0.70118104792027;0.0915813443729503;0.702195851517211;0.140711109377269;0.700839445638653;0.0749450108198643;0.702199115312523;0.118531577431001;0.703499018186143;0.7131817272718;0.744666507018116;0.716439341520756;0.7534073917094;0.707193108172503;0.759496609709208;0.727959308804599;0.763346403874736;0.699985621038459;0.758796105435716;0.0989988052073538;0.0592223736409822;0.0948832842703401;0.0481795394666982;0.106564552838418;0.0404866997830916;0.0803294841801157;0.0356230458079462;0.115670162630285;0.0413716848622637;0.994641716896763;0.775638173103123;1.00130766894731;0.771945588775178;0.986576663314907;0.770012143016245;1.00213329495036;0.768117924494168;0.998868173716123;0.769471528965812;"ada2024-rf2023";0.0800471168223386;NA;NA
"Occurrence.Limnephilidae";0.822238750464857;"family";0.935963459055595;0.716717689784511;0.257335349711572;0.722476513628971;0.256427354896912;0.696840942441025;0.257793148215631;0.713451397734298;0.257189124586675;0.692675542787265;0.256870635633323;0.234246077824776;0.725058337244033;0.228093248044145;0.72602845504711;0.255482748072077;0.72456921718317;0.237735842322109;0.725214566767186;0.259933135118129;0.725554846027311;1.1694071796615;1.16570808091688;1.19649622730726;1.16327676652407;1.21621475244444;1.16985154708356;1.19853179753524;1.18121041160572;1.18021405028455;1.16534598151772;-0.24941542145401;-0.245463238589574;-0.278357841570597;-0.242865579066347;-0.299425464399677;-0.24989019150808;-0.280532680992247;-0.262026204310992;-0.260961674161306;-0.245076365153801;0.797443139786361;0.634964386697816;0.788983511095725;0.635448197764987;0.771293035994956;0.63379533036346;0.78463220480818;0.630015634328824;0.783668441957;0.63493180920017;"rf2021-ada2022";0.0565598853333295;NA;NA
"Occurrence.Rhyacophilidae";0.805875790256601;"family";0.984296306063927;0.852637036601886;0.301967840114784;0.854959637233552;0.302208532674284;0.856476311890239;0.303324849389281;0.84810280094799;0.303978454447259;0.887848289591763;0.302015480225609;0.133759792301293;0.69321449419808;0.13140013635485;0.692969961573079;0.129859264315259;0.691835834879603;0.138366368213407;0.691171802053358;0.0979867707294836;0.693166094025761;0.762731958947416;0.913675947215635;0.765422118618801;0.858360417595461;0.776807477099382;0.899086758516869;0.784857445355935;0.877153458175148;0.793349770158825;0.885867091820174;0.225099236633852;0.071747052603188;0.222366157524633;0.127945099146076;0.210799154366703;0.0865690006374198;0.202620755030081;0.108852229992845;0.193992941687115;0.0999995769946134;1.04597821537784;0.736494100311758;1.04578600366647;0.757239312714021;1.04063844830101;0.742389712594649;1.03212798701595;0.750821377386635;1.04838329623729;0.746823943924947;"ada2020-rf2020";0.153352184030664;NA;NA
"Occurrence.Elmidae";0.764968389735961;"family";1.09056995358128;0.632686135444382;0.233244653980656;0.682732245210366;0.233273903792568;0.681310535056362;0.232662909774321;0.683326947227658;0.231921417828801;0.682949164320988;0.233649494099557;0.419857356819039;0.786125912221667;0.373967490147359;0.786099091556182;0.375271129725302;0.786659343575083;0.373422177106835;0.787339255893486;0.373768585794723;0.785754693376354;0.362691021872616;0.385761954490105;0.367546564769421;0.386139232276448;0.378771874212696;0.37688954880578;0.369646095394105;0.38676761895399;0.370205474748814;0.385168595836754;0.66742984190827;0.646274910450892;0.662977543473989;0.645928964933959;0.652684476618064;0.654410478146654;0.661052375246321;0.645352764686118;0.660539451382178;0.646818991691534;1.1445339880063;0.926576516310781;1.1706894400023;0.926415293064675;1.16330993064735;0.930425454475115;1.16980892781898;0.92549819195051;1.1692609058353;0.927039085505669;"ada2020-rf2023";0.0220770772221526;NA;NA
"Occurrence.Gammaridae";0.732986240238007;"family";1.16053196633123;0.514951223072314;0.170929998465442;0.512408482938462;0.170639918596297;0.552185504595504;0.170793850698475;0.560478192283463;0.169677629560781;0.51008348962463;0.169423007524182;0.556280018119432;0.852714097134437;0.558471030696096;0.852964051360224;0.524196212930594;0.852831412099399;0.517050621142912;0.853793230618903;0.560474416540936;0.854012631759058;0.46466921160381;0.898962871495663;0.486900058414975;0.846428365516617;0.47404422661791;0.861854446148074;0.483008916309335;0.958205282409461;0.500884457954319;0.882376462428249;0.599606710470233;0.225387238287337;0.580450972019148;0.270654846162992;0.591528505572752;0.257362596505946;0.583803867259027;0.174339604415536;0.568400981200237;0.23967931256759;1.02545970602929;0.694879773247153;1.01283589412014;0.713270731218063;1.03984393457992;0.707844885389432;1.03949460466714;0.674176167287982;1.00461010984432;0.700138765293019;"ada2020-rf2023";0.425267106054698;NA;NA
"Occurrence.Heptageniidae";0.7244328746746;"family";1.17743548541178;0.843174126175404;0.283371879234129;0.81932239839261;0.281671283017644;0.850209498612905;0.282774218679943;0.816953422725681;0.283653955271745;0.872303666042247;0.284263948745914;0.283889319948158;0.759331290125823;0.304146674239168;0.760775612330781;0.277914153983935;0.759838885286315;0.306158653405993;0.759091721978685;0.259149501734971;0.758573652426911;0.993230962842664;1.09055024715382;0.981346975056283;1.08063748124427;1.01359151427066;1.0901304704075;0.975885745995282;1.0605181076437;0.991798982868156;1.08175072093594;0.156445533408312;0.0737919311371645;0.166538645034062;0.0822108772555454;0.139153247180947;0.0741484489689491;0.171176885624451;0.0992983303260922;0.157661718916775;0.0812653989635639;0.927717121779255;0.667918456529864;0.922182359292137;0.670666624627472;0.921556668503346;0.66785905323243;0.923609272867707;0.678119280763528;0.942002209927829;0.671162908992023;"ada2023-rf2020";0.0973849544872868;NA;NA
"Occurrence.Nemouridae";0.707698029007066;"family";1.2083999653351;0.646060342076234;0.21839550536789;0.640035172439861;0.238073485926526;0.700102891774885;0.237043458830336;0.642778709139466;0.236533920912482;0.700343588894717;0.238022416312143;0.465358854179483;0.819268858297818;0.470344926514152;0.80298453098639;0.420636451623252;0.803836920200009;0.468074538581093;0.804258583500631;0.420437264990732;0.803026793164351;1.07223897245784;1.08993087204386;1.05907850533028;1.08797479482139;1.09073929615328;1.0818839244145;1.03567254215658;1.09124168354036;1.08318820231204;1.0821758239699;0.112678746096704;0.0980379813718343;0.123569566607373;0.0996567146377914;0.0973689776209102;0.10469715702575;0.142938950789048;0.0969532316746274;0.103617814146775;0.104455598300353;0.80808395982021;0.646767963457794;0.810972068360855;0.65380204655712;0.822572871919146;0.655458536338966;0.82164494592009;0.652232698418575;0.825783780474068;0.655683744010843;"ada2023-rf2023";0.0459857191144206;NA;NA
"Occurrence.Empididae";0.688359985124582;"family";1.24081318179951;1.10046003470083;0.439791508515708;1.1347822588265;0.437908150762396;1.10919717239426;0.437817431493794;1.11719772022133;0.438660833458664;1.11515442446751;0.438313321110306;0.113113842726215;0.645561866228813;0.0854527696258355;0.64707970773867;0.106072381673429;0.647152820492413;0.099624555405597;0.646473103370415;0.101271294643864;0.646753171597812;1.16093511814017;1.13489878067723;1.1723136102639;1.12816307808941;1.16647827369505;1.12850361255489;1.17924070517195;1.13418716406988;1.16237206069667;1.12589632595924;0.0643755763002919;0.0853588619752435;0.0552053867096003;0.0907873202529432;0.0599082192185148;0.0905128756625113;0.0496226809407902;0.0859323702340054;0.063217511107583;0.0926141481456636;0.970215039624667;0.706414123628444;0.981409303331027;0.708130086859956;0.971765702245838;0.70797741144892;0.969454736870121;0.706266124730285;0.976667689749515;0.709076753422314;"rf2024-ada2023";0.0429914672048734;NA;NA
"Occurrence.Hydropsychidae";0.686872443287467;"family";1.24316052010929;0.850849088105758;0.277192491019131;0.865273614537992;0.277448505431428;0.847753203679871;0.276915696658008;0.842069268478466;0.275873897160959;0.835921169787317;0.277094430788514;0.315575845321281;0.777025986157635;0.303972736793538;0.776820047818896;0.318066178931308;0.777248639915252;0.322638344077693;0.778086664836568;0.327583882961608;0.777104865939474;0.523075702766122;0.561614012430718;0.528903816733594;0.55757748924527;0.536700326748808;0.561723827970436;0.52513650654538;0.576391130358608;0.528015633100408;0.559487512057796;0.579237198813122;0.548236930512124;0.574549056072746;0.551483915209718;0.568277532895249;0.548148594743781;0.577579485472067;0.536350196909458;0.575263512185869;0.549947490281778;1.17808082233729;0.867438415286082;1.18315535455062;0.869302170636289;1.16827282299971;0.867270751351879;1.17171253172023;0.860485411836303;1.16643579278261;0.868318635030167;"ada2020-rf2023";0.0428870019036636;NA;NA
"Occurrence.Leuctridae";0.680550390479732;"family";1.25290778493388;0.727997453335202;0.233576706221844;0.726381607557175;0.23214105375239;0.762636815849854;0.233356574937607;0.731164951199789;0.232847489868768;0.726644411623866;0.231385173418617;0.418953683511814;0.813572308329003;0.420243360052623;0.814718164781264;0.39130650713444;0.813748004646708;0.416425566197295;0.814154327502198;0.420033604737946;0.81532146563298;0.982958874407321;1.05414675768611;0.992732310453821;1.04144357396146;0.95967017925628;1.04754000270232;0.993213780672995;1.03930422374931;0.981103772596085;1.05669710051804;0.215457924176601;0.158639789486388;0.207657321319771;0.16877875093064;0.234045641031014;0.163912926953675;0.207273039072534;0.170486259047263;0.216938561326073;0.156604250348871;0.880310396386096;0.663461119692696;0.875311591495585;0.667209452845183;0.906180575852761;0.665583144287987;0.877196357611582;0.668159496359692;0.88053140848805;0.661889957932943;"ada2022-rf2024";0.077441390682143;NA;NA
"Occurrence.Ceratopogonidae";0.595760505764225;"family";1.34938646630396;1.08569278311577;0.45433207869543;1.09596017868232;0.4549624287688;1.10539392848732;0.454901556800663;1.11072372994773;0.455132867545903;1.10296887895802;0.454374961857539;0.19541746547263;0.663304701773193;0.187808529246475;0.662837563492863;0.180817389168687;0.662882674341132;0.176867593025402;0.66271125514358;0.182614538902922;0.663272922025004;1.15034129599797;1.12251823054558;1.11346403652278;1.12672086692325;1.16575865121543;1.13116431300159;1.12561691819345;1.11773950552431;1.14616390782399;1.13595696854825;0.147507904722939;0.168126953562669;0.174836813375927;0.165012474143605;0.136082449078878;0.161719536064487;0.165830585750151;0.171668359335297;0.150603673265388;0.158167806692405;0.968192588491683;0.71598713796056;0.99128625772621;0.714709423866896;0.970268577912697;0.713101595810778;0.992581063065954;0.71798735680962;0.978634041872359;0.711207532669947;"ada2021-ada2022";0.0387543642970482;NA;NA
"Occurrence.Psychodidae";0.517664559315731;"family";1.3850459547219;1.19620994923177;0.508577455297876;1.19331578449442;0.507527744902657;1.19673395607737;0.507233196059163;1.21490455750272;0.507532811540103;1.20030195408954;0.507548328546119;0.13633916249952;0.632808244691064;0.138428742796461;0.633566133186849;0.135960830759826;0.633778796775729;0.122841698240506;0.633562475086244;0.133384744385217;0.633551271843519;1.30132832836068;1.26330799072944;1.31389306968134;1.25179753943837;1.3159531885119;1.25993562314032;1.31100934335462;1.26267684308832;1.31260951249922;1.2674035681088;0.0604439340628465;0.0878945305586675;0.0513722196711141;0.0962050499691085;0.0498848186043539;0.0903293722168976;0.0534542634595458;0.0883502177067861;0.0522989450102591;0.0849375330919748;0.948798160443884;0.685665576650555;0.941492739454417;0.689261256792223;0.942132254956875;0.686361231347513;0.953083850917741;0.685523831277216;0.945393742813438;0.683910909042069;"rf2021-ada2022";0.0463202313647546;NA;NA
"Occurrence.Leptophlebiidae";0.450353291186315;"family";1.37641891352558;0.998163366052143;0.34323130503841;0.992407775596415;0.343122810621162;0.994232085092075;0.343175541788718;0.9930416551148;0.341617534963427;0.992484725744312;0.341822868651951;0.274811355581105;0.750634562148487;0.278992924432833;0.750713385838123;0.27766752162288;0.750675075432011;0.27853239638272;0.751807003226653;0.278937018380438;0.751657823579014;1.31846767835759;1.33137307603272;1.3014729676794;1.33235790165213;1.30818158118302;1.34163620813226;1.29356819440211;1.34109646176979;1.30044187657716;1.3351942391272;0.0421029052990532;0.0327268370480882;0.0544499535059491;0.032011338583388;0.0495759914892265;0.0252704355131446;0.0601929531113853;0.0256625736603041;0.055199064908085;0.029950674168508;0.852014139909418;0.610137531655484;0.856815562891267;0.609804085010523;0.854725642038219;0.606997665938265;0.86048140796842;0.606688703733812;0.857290387904268;0.608544228188614;"ada2023-rf2022";0.0349225175982407;NA;NA
"Occurrence.Sphaeriidae";0.428783934548159;"family";1.36593829332975;0.864990657049858;0.330941915120721;0.869249398935088;0.330753680702551;0.892543744971136;0.332589329995029;0.898187306816995;0.330599547601336;0.868236284672955;0.331550679381931;0.366742508593659;0.757718253645278;0.363624694336583;0.757856059590897;0.346570962004895;0.756512185346034;0.342439324526527;0.75796890004787;0.364366392747909;0.75727257885588;1.22348956191413;1.21942764091605;1.21832171934704;1.21484934148891;1.23995774683912;1.22283984619452;1.23283961126929;1.22212662582968;1.23359665011318;1.22793531231591;0.104286359135869;0.107260081314915;0.108069723722924;0.110611842847256;0.092230042239701;0.104762014385295;0.0974412114444852;0.105284161226273;0.0968869852048481;0.101031636412677;0.835897356758724;0.641309651592517;0.839846484658254;0.642718893222963;0.84054313993723;0.640744012628159;0.845923666452652;0.640335168382429;0.833034531977029;0.638781823954727;"rf2021-ada2022";0.0183818006075555;NA;NA
"Occurrence.Taeniopterygidae";0.440684269245073;"family";1.37218774001095;0.962710861899027;0.330555297724481;0.963034281390339;0.293769510084289;0.96595673701166;0.329851104614922;0.988978022786464;0.294610070706135;0.992787587188413;0.332340987596155;0.298411701381806;0.759103446207847;0.298176005141501;0.785911576442196;0.296046226878582;0.759616636268525;0.27926915978817;0.785299006749773;0.276492889245249;0.757802101049596;1.01706966822115;1.11581351906136;1.02377154087443;1.16399589323456;1.01915203777866;1.10153575454134;1.02116829828429;1.14406081607719;1.02672187547931;1.09365931125754;0.258797000902341;0.186836111032109;0.2539129223919;0.151722567332315;0.25727944649139;0.197241221137459;0.255810069928086;0.16625051899381;0.251762826950253;0.202981283560502;0.97318663310387;0.675279154980953;0.970087864389601;0.647191406317167;0.973752951843543;0.679877716973441;0.984033696851034;0.653949352826191;0.983175987191474;0.68341078240823;"ada2020-rf2021";0.107074433570026;NA;NA
"Occurrence.Perlodidae";0.443659352919301;"family";1.37357028038428;1.00266822210636;0.32230718986006;1.00096437771963;0.321658443612117;1.05417992734075;0.319839481993027;1.00021010389712;0.321799565570248;0.958055752205058;0.322298073159292;0.270027725246176;0.76535078367458;0.27126817461456;0.765823090230136;0.232525672406203;0.76714734836608;0.271817308381705;0.765720349249098;0.302506929651227;0.765357420903776;0.863554842084469;0.889955782577745;0.865168329957244;0.887498840825899;0.903136828873522;0.879778928744386;0.850597521860366;0.900677778611867;0.840820424732763;0.882622740309848;0.371306401706017;0.352085732133952;0.37013173456607;0.353874458773522;0.342489538561615;0.359494784279803;0.380739716046859;0.344279800259012;0.38785773342626;0.357424404914383;1.07203283303522;0.752898920166913;1.07025616234415;0.753579922187893;1.07844646716252;0.75580662438254;1.07767537526497;0.748683381458764;1.06036974542055;0.755661062336577;"ada2024-ada2022";0.045368194864645;NA;NA
"Occurrence.Athericidae";0.368910375604314;"family";1.31674643300699;0.970037143877545;0.346899387910765;0.971790670970282;0.349781904948395;0.967853794549191;0.350705751213923;0.985005470540141;0.349627567075382;0.967486549971466;0.346583226007694;0.263307559024621;0.736548070900357;0.26197584697378;0.734358950075441;0.264965698567378;0.733657337189035;0.251939898336592;0.73447616161226;0.265244601603315;0.73678817931846;1.02101313652643;0.965790356193532;1.01531067721416;0.979722607977973;0.993473294008727;0.966895457593672;1.00507399751004;0.980449636260374;1.00153702760029;0.97026001198892;0.224593960589061;0.266532772002274;0.228924679981446;0.255951955958121;0.245509029601107;0.26569350532766;0.236698902449427;0.255399816028841;0.239385045977963;0.263138302358501;0.974834080487533;0.733853776976825;0.978475037828458;0.72981051172446;0.987271945908687;0.734845612252827;0.990015911772736;0.729488967436777;0.983118871567038;0.732099831133048;"rf2020-ada2020";0.0419388114132126;NA;NA
"Occurrence.Psychomyiidae";0.336184455187802;"family";1.27694430252207;0.97011020585061;0.342470233179876;0.969563805297265;0.342567253677406;0.897743022699824;0.341231956895366;0.915040093483412;0.343023948256244;0.904440215028022;0.341763390309159;0.240287768280448;0.731804877860789;0.240715665215549;0.731728899216037;0.296959921488583;0.732774596181365;0.283414247844536;0.731371252779982;0.291715219495731;0.732358420305296;1.32561306376096;1.32001623285119;1.32090111382865;1.32486672496555;1.32786383192697;1.33860369186571;1.31232103957849;1.34179500151097;1.31742498081038;1.34095681223976;-0.038113456587545;-0.0337304690925418;-0.0344234366524501;-0.0375289841137368;-0.0398760770570238;-0.0482866709392518;-0.0277042130863073;-0.0507858477936823;-0.0317012090569284;-0.0501294454200218;0.837150488999893;0.61337854822296;0.838895901869585;0.611922440540367;0.806492722824694;0.607328245325614;0.819844596582172;0.606903471182346;0.813432457436911;0.60677531620723;"ada2023-rf2023";0.023081634707375;NA;NA
"Occurrence.Nematoda";0.335812569728524;"phylum";1.27643766236218;1.16267507278197;0.484514139120899;1.14367496248467;0.484362847029495;1.17613089766678;0.485860653862396;1.16623027262716;0.484015645535811;1.14271672109881;0.483015891197109;0.0891250649637545;0.620416920146139;0.104010327955865;0.620535446961717;0.0785833634129627;0.619362019635756;0.0863398135174614;0.620807455148189;0.104761043336738;0.621590693036088;1.31063833265995;1.28700105909236;1.30021132811716;1.28813344494571;1.31346385212001;1.27215648829135;1.30699640243188;1.28139767359165;1.31272535403846;1.28230227749487;-0.0267938429789644;-0.00827568555963211;-0.0186250111979525;-0.00916283100099883;-0.0290074406683603;0.00335400168537027;-0.023940644318775;-0.00388582331572314;-0.0284288788605042;-0.00459451746499013;0.928688753753656;0.669487047888025;0.924716400238385;0.669057482879716;0.933638017697222;0.674928906598382;0.93203672095877;0.671198060101382;0.918508319679455;0.670559263495183;"rf2022-ada2022";0.0323614423537306;NA;NA
"Occurrence.Hydraenidae";0.317218296764597;"family";1.24950976125645;1.04141896585564;0.400095097122951;1.01548469918023;0.400760071044044;1.0185539388361;0.400377948498965;1.01349050872656;0.400804350989824;1.01581443400598;0.400152460056063;0.166537951005333;0.679798342094876;0.187293504486823;0.679266154238716;0.184837149401784;0.679571972213835;0.188889482778078;0.679230716383685;0.187029613130411;0.679752433743544;0.983392886527542;1.0308421282734;0.977992739364023;1.0264287758338;0.977854983512861;1.01916901607547;0.971433508413635;1.0300281082177;0.975503072431159;1.03843368929883;0.212977027455401;0.175002740885485;0.217298840162241;0.178534808082112;0.217409088081412;0.18434489455237;0.222548283707038;0.175654212431319;0.21929135515497;0.168927109257131;1.02943801791352;0.729516337659394;1.01892278888055;0.731371052398628;1.02055793991367;0.733890434147642;1.02125115704053;0.730072175912627;1.02036017813839;0.726773347161906;"ada2023-rf2024";0.0536211744499073;NA;NA
"Occurrence.Planariidae";0.326143547787281;"family";1.26282770894167;1.02760897733415;0.385339287508457;1.05384360844309;0.383569661729311;1.05741070770229;0.386831093727383;1.05802659611434;0.386471747355105;1.03349810713157;0.385255670849277;0.186263517930444;0.694859968006723;0.16548900457191;0.696261288049526;0.162664312625458;0.69367864595593;0.162176606814373;0.693963202883002;0.18160007116275;0.694926181836677;1.06906504889924;0.981912690044252;1.08429210249259;0.988581094143696;1.07167151053858;0.977538600975506;1.08629305291526;0.986873604894144;1.05839669773566;0.985211573862783;0.153435546805363;0.222449204201293;0.141377644143322;0.217168670639804;0.151371558487013;0.225912930121919;0.139793144208373;0.218520786401489;0.161883533088875;0.219836904997552;0.979485313305898;0.742088551517292;0.984891055948738;0.738964264174029;0.992894959580212;0.744268253299069;0.985966176815475;0.740669383941491;0.987627876597497;0.740834554787324;"rf2022-ada2023";0.0861197859135467;NA;NA
"Occurrence.Sericostomatidae";0.276682781703235;"family";1.17958594850796;0.990722396942679;0.358268025161178;0.990716824423317;0.358254503886973;0.98138554042366;0.356842316287774;0.992278076363323;0.357089939542975;0.981028310160561;0.358466685328056;0.160110038445416;0.696276455637382;0.160114762577107;0.696287918366505;0.168025406147811;0.69748510760141;0.158791203287527;0.697275183724719;0.168328249924096;0.696108040468374;1.03676003452753;0.966858029779716;1.04120296241346;0.974928164305179;1.06067088740439;0.976488188741307;1.06193800354434;0.963778361637049;1.05263517155706;0.988966252566539;0.121081396536717;0.180341177340507;0.11731488177656;0.173499679664419;0.100810849140737;0.172177160997509;0.0997366449748147;0.182951981705008;0.107623168207011;0.161598818791063;0.977244093046496;0.737643227894586;0.975072873237691;0.734667818013908;0.961132816034286;0.733576834607864;0.965769618295298;0.738344906152231;0.964829930789878;0.729606607727306;"rf2023-ada2023";0.0832153367301928;NA;NA
"Occurrence.Tipulidae";0.274823354406843;"family";1.1759949175073;1.11022842416033;0.474645132489691;1.12066287388671;0.474496630579803;1.12009128657334;0.475160025054431;1.1206827412004;0.475342194606936;1.11826842588582;0.474851965887057;0.0559241305960448;0.59638844911356;0.0470512608488771;0.596514726793572;0.0475373065833083;0.595950613407746;0.0470343668016367;0.595795706656201;0.0490873648874614;0.596212569614179;1.24747389803742;1.24469831652036;1.25110353940804;1.24965954016152;1.24820525223753;1.24684598634203;1.24834502932499;1.24533015459042;1.24372960175536;1.23829297064783;-0.0607817087182909;-0.0584215101530282;-0.0638681517943499;-0.0626402559718279;-0.0614036112360876;-0.0602477678941976;-0.0615224698173426;-0.0589587897455279;-0.0575977695478782;-0.0529747639323027;0.933678856186211;0.680432541891419;0.936861019460283;0.678696348930658;0.93795155087218;0.679877271190963;0.938163400617603;0.680454732535367;0.939196470468175;0.682685835608529;"rf2024-ada2021";0.0108933878620472;NA;NA
"Occurrence.Polycentropodidae";0.256972852361473;"family";1.13973348306801;0.873060342577167;0.314978160571695;0.891484845784532;0.314813079291906;0.891552367884219;0.316302251584257;0.885576675811476;0.31458400272049;0.947547140239226;0.313906308860214;0.233978508530778;0.723638758314078;0.217812884302762;0.72378360031639;0.217753640540347;0.722477003366774;0.222996701450217;0.723984591666402;0.168623933300128;0.72457919897622;1.30668736270902;1.15887123005993;1.29321238597789;1.16529843624753;1.31390858015466;1.16312076956093;1.27300535207167;1.17236951236502;1.28253726936297;1.16959989261233;-0.146485017875926;-0.0167914229740832;-0.134662098806417;-0.0224306415134025;-0.152820900389624;-0.02051996088591;-0.116932485518381;-0.0286347903100647;-0.125295771701428;-0.0262047311832321;0.805080094639909;0.655769099318885;0.818023863275328;0.653611148523177;0.809629853994802;0.654810591146173;0.823893225535226;0.651229766688172;0.84578079157731;0.651911285253043;"rf2020-ada2022";0.13602947741554;NA;NA
"Occurrence.Odontoceridae";0.246931944960952;"family";1.11787874294149;0.933814855596797;0.306453400590797;0.883787776034862;0.306902206081619;0.88416401772294;0.30629495966821;0.892573015189634;0.306741919154475;0.891707151657554;0.305960871208021;0.164654609014535;0.725861679966807;0.209406403319433;0.725460200384468;0.209069835788783;0.7260034135167;0.201547555291197;0.72560358528033;0.202322114730267;0.726302272818121;0.923459683336518;0.933939777451402;0.905183062161067;0.952562248718239;0.906387493390752;0.947616586271523;0.911644047669436;0.939069686087287;0.902250061709625;0.932392936559683;0.173917842907892;0.164542859993996;0.190267220057116;0.147884102159639;0.189189794408503;0.152308251449483;0.184487536393602;0.159953893016785;0.19289093973151;0.165926588686831;1.00519101299212;0.730706657989465;0.989359373226028;0.72409692494865;0.988949769496364;0.725669346641373;0.990509802634402;0.728939979167643;0.994742414711076;0.731091955756099;"ada2024-rf2021";0.0450068375718706;NA;NA
"Occurrence.Dugesiidae";0.223131275567125;"family";1.06168527830838;0.862144113946275;0.287973258396417;0.863887468391371;0.288820853586362;0.874073346346285;0.287191101263274;0.864582801967138;0.288826295620099;0.861200743574658;0.288400624538494;0.187947566420103;0.728758357792007;0.186305503107447;0.727960008971256;0.176711437744552;0.729495070591103;0.185650569305526;0.72795488312667;0.188836125761455;0.728355822171697;1.46260550933242;1.37728508836836;1.42702044291355;1.36890652734164;1.39978391558624;1.37593514218072;1.42211584925713;1.37947355159832;1.39925128023997;1.36677339490271;-0.377626250655785;-0.297263055736095;-0.344108722301642;-0.28937129986653;-0.318454672194904;-0.295991543155835;-0.339489091836168;-0.299324366441507;-0.317952983646379;-0.287362105162112;0.740647335339404;0.580041332536976;0.754600742670773;0.582723289793072;0.768853154137063;0.580206026473611;0.756716558015623;0.579654160671114;0.764123947266164;0.583222577920204;"rf2024-ada2020";0.0902641454936723;NA;NA
"Occurrence.Lymnaeidae";0.216065451840833;"family";1.04376566858319;0.835260636603725;0.271334240214127;0.775405519453031;0.271527876209161;0.786401175044307;0.271590782372295;0.73288893809026;0.271690204059942;0.788221345071914;0.272425239199051;0.199762301305128;0.74004295371926;0.257107660471751;0.739857436988003;0.246573058767327;0.739797168514889;0.297841498192706;0.739701915633289;0.24482920947012;0.738997700921853;1.22961886903475;1.20419312798434;1.21417256436904;1.21633634643984;1.2258248785023;1.19513514042744;1.25548260320023;1.20653420542298;1.24411584297869;1.20563405638697;-0.178060273532313;-0.153700647788998;-0.163261640917126;-0.165334694415563;-0.174425367109689;-0.1450224666325;-0.202839527098484;-0.155943562562982;-0.191949381385052;-0.155081157271157;0.821043557926392;0.627237862736155;0.803013685306245;0.623501420800189;0.802750075686097;0.630165888595124;0.770052309092853;0.626615602397978;0.796166257331091;0.627128127846266;"rf2022-ada2023";0.0578170604659848;NA;NA
"Occurrence.Erpobdellidae";0.209743399033098;"family";1.02723298994066;0.614539828507236;0.197438369601874;0.617719925231086;0.196774452821472;0.615855460866051;0.197871789305958;0.640659928651169;0.197485785450708;0.614323624395584;0.197137860191402;0.401752246544639;0.807795922117651;0.398656457415014;0.808442237789853;0.400471492935965;0.807373992810154;0.376324616786134;0.807749763311131;0.401962718865689;0.808088464718419;1.38321542071972;1.30699093546677;1.39260755688421;1.32030294873078;1.39629664570183;1.3177107435572;1.38756770846615;1.31109265355073;1.4025607081104;1.31957784833285;-0.346544974961928;-0.272341278235491;-0.355688116056957;-0.285300376506639;-0.359279403382955;-0.282776893325162;-0.350781879139508;-0.276334255606864;-0.365377399134562;-0.284594499256762;0.680901382491895;0.57420070532631;0.678789770422268;0.570202197868026;0.676907537357095;0.571255061096397;0.688352725572443;0.573037892721437;0.674274121795948;0.570512617094611;"rf2020-ada2024";0.0930361208990714;NA;NA
"Occurrence.Scirtidae";0.198214949795463;"family";0.995835677331573;0.908785647268494;0.315505377377508;0.849809443091799;0.315069061706723;0.856126692192857;0.316314316669436;0.858904420642074;0.315044537987302;0.864044061592829;0.315811589496907;0.0874140503745934;0.68317526218489;0.146636877512828;0.683613402412959;0.140293211338921;0.682362940121781;0.137503867160512;0.683638028684119;0.13234273358421;0.682867769567012;0.504316965281662;0.546111410350802;0.465806370512222;0.545851715282901;0.477514098298826;0.554580007557482;0.478963491950987;0.538604580903526;0.486421731273655;0.53905010798586;0.493574113921061;0.451604895484209;0.53224574986067;0.451865676528524;0.520489063438291;0.443100884833202;0.519033608803402;0.459143116516208;0.511544181087122;0.458695726356891;1.22413483947623;0.891096086187626;1.21167237844337;0.891017396698238;1.20841102841219;0.887689867374081;1.20921388220643;0.894240949685743;1.20781285379959;0.894384721396557;"ada2021-rf2022";0.0891448650274678;NA;NA
"Occurrence.Ephemerellidae";0.197471178876906;"family";0.993753370585415;0.621015965314965;0.196671544940837;0.621552375504007;0.196033589021754;0.612388023376586;0.196286339727904;0.608959074591567;0.195011679780425;0.593611558020834;0.188857900380715;0.375080393489254;0.802092198364089;0.374540611482048;0.802734164407139;0.383762569765343;0.802479824936571;0.387213072562629;0.803762497262732;0.402657062012137;0.809954958674043;1.13097242908507;1.08959425122534;1.13861955689897;1.1017794625895;1.09528890925667;1.10280067842465;1.13797315496067;1.0892266356419;1.13181522501197;1.10116153967736;-0.138081603103215;-0.0964433263591996;-0.145776799960149;-0.10870513268342;-0.102173780413387;-0.109732767774158;-0.145126334807088;-0.0960733999827718;-0.138929696756871;-0.108083325572695;0.774933366616081;0.639888489386821;0.772183092444881;0.635798915149095;0.785487729286956;0.635554667428389;0.767584244913809;0.63947517511264;0.764065444231335;0.633717619008781;"rf2023-ada2021";0.0497033999773772;NA;NA
"Occurrence.Asellidae";0.188174042394942;"family";0.967128897507618;0.61970992843634;0.170121154923539;0.562142753699055;0.171748061230028;0.617194489936652;0.170307728202142;0.583181535979221;0.170656736470704;0.584824428975973;0.171103336271116;0.359227161929096;0.824096710002196;0.418750949177767;0.822414507856565;0.361828095999178;0.823903795408201;0.396997093684064;0.823542924929136;0.39529836148716;0.823081145944387;1.22262757680744;1.17787117451872;1.25924413074026;1.17055627207305;1.22909123856977;1.16804069001144;1.20715237328027;1.16056821446782;1.23005136712427;1.17151671309152;-0.264182654409627;-0.21790505645546;-0.302043744102213;-0.210341532643358;-0.270866005283526;-0.207740450131927;-0.24818147445621;-0.20001399757438;-0.271858767010503;-0.211334617454433;0.739738285053923;0.604184895328966;0.705710142714203;0.606892195752428;0.736424636899938;0.607218563599773;0.731992201584602;0.609597888112211;0.724253746742182;0.606405309809472;"rf2023-ada2021";0.102029746527833;NA;NA
"Occurrence.Ephemeridae";0.178133134994422;"family";0.93710166506216;0.697776371029692;0.187494760741274;0.683911369492765;0.18639246257891;0.681719425591082;0.186015203096234;0.697426321345139;0.187245264104433;0.678995032509208;0.186948112379624;0.255388825946214;0.799920576676344;0.270184447439435;0.801096861175093;0.272523514782292;0.801499442342901;0.255762370992183;0.800186819546401;0.275430769334757;0.80050391611755;1.04010952297509;1.1425994225761;1.0407077945253;1.15000233743909;1.03321936250046;1.11330080911317;1.04493442393087;1.14771115340106;1.02828781084443;1.12806049820301;-0.109921753160156;-0.219290782607141;-0.110560180742258;-0.227190581678041;-0.102569124591115;-0.188025643983162;-0.11507050183457;-0.224745613193342;-0.0973065668133433;-0.203776004525811;0.842681191340675;0.620299823887956;0.836609208889853;0.617667533831001;0.838827690502983;0.628988187033791;0.840503593011204;0.618639266313838;0.839753914354378;0.624654743105768;"ada2024-rf2021";0.129884014864697;NA;NA
"Occurrence.Chloroperlidae";0.185570844179993;"family";0.959473050927388;0.648959860992521;0.243089046290083;0.639939052196839;0.24349734254072;0.654989960221695;0.245326882756112;0.657125573150373;0.243852054734113;0.638186540719671;0.241782690707797;0.323628881118378;0.746643174547609;0.333030717664972;0.746217632370846;0.31734407799301;0.744310814650824;0.315118259428733;0.745847937575302;0.334857253048613;0.748004708965927;0.595282604627466;0.539120974814549;0.606415932514107;0.552948161355779;0.621382992893611;0.540490058184031;0.602755610315815;0.535677218079401;0.608147101355385;0.55020885481678;0.379573398072942;0.438107225321798;0.367969812254789;0.423695995607879;0.352370561848498;0.436680313572523;0.371784741913057;0.441696442060944;0.366165520993451;0.426551007050203;1.02720202793;0.862417346975467;1.01690282294518;0.856650373324405;1.01694545629247;0.862792042219339;1.0275578642941;0.864233249707654;1.01513308252007;0.857089371188353;"rf2023-ada2022";0.089325880212446;NA;NA
"Occurrence.Stratiomyidae";0.172182967645965;"family";0.918661513424507;0.836251806116787;0.344071752515521;0.806555168463645;0.345353753525347;0.81081715859772;0.344384111978779;0.804057912398239;0.343968935255944;0.849547044788109;0.344373536182752;0.0897062803910447;0.62546406104146;0.122032264683606;0.624068551388458;0.117392917032928;0.625124045204622;0.124750628334324;0.625575981763157;0.075233878448613;0.625135557383888;0.770155267536053;0.790273781954271;0.752049016738227;0.780186495995273;0.758997864719184;0.784406964105072;0.76258385306696;0.790576399706506;0.782115886604142;0.774371857087647;0.161655020612396;0.139755208631353;0.181364402722387;0.150735625043264;0.173800302257295;0.146141475785757;0.169896809735431;0.139425797038712;0.148635405777872;0.157065093321467;1.03360042919646;0.800034029999623;1.02762783765938;0.804594889383284;1.02624821961662;0.802509628384403;1.02095353584054;0.799871865533765;1.03429039107738;0.806542117307503;"ada2021-rf2023";0.0419386056836752;NA;NA
"Occurrence.Dytiscidae";0.164373373001116;"family";0.8937025840299;0.740880240178848;0.268901389615667;0.736729342107266;0.26742108343009;0.772649338862082;0.267582029539184;0.782918772203274;0.268582030917624;0.746250856947051;0.268969814401309;0.170999107065286;0.699115349534817;0.175643714953588;0.700771724051384;0.135451376476906;0.700591634934523;0.123960491785844;0.699472692910287;0.164989706550871;0.699038786272201;0.933491838958018;0.937089837800464;0.939160464838654;0.953179128081973;0.940999794466514;0.956721803658718;0.926005176810774;0.948073108537663;0.917785232700521;0.94094456288187;-0.0445218080814981;-0.048547754639941;-0.0508646630557735;-0.0665507128600669;-0.0529227634358409;-0.0705147559769286;-0.0361446787310553;-0.0608373808908497;-0.0269470505075949;-0.0528609625799063;0.908186250799522;0.715986315887997;0.903738200846684;0.709724067133665;0.919270160291474;0.708525033725126;0.930956057279698;0.711951463731629;0.917807883150832;0.714632128532641;"ada2024-rf2022";0.0435677054693336;NA;NA
"Occurrence.Hydroptilidae";0.156563778356266;"family";0.867855311158231;0.59332105511905;0.205136304551222;0.594137105068128;0.204483033645479;0.593297767887915;0.206202398899348;0.550242153514637;0.20521922557983;0.593489957723595;0.204741292808695;0.316336435935145;0.763628450602613;0.315396129482461;0.764381192329655;0.316363269015308;0.76240002653881;0.365974781233649;0.763532903536713;0.316141815239306;0.764083609126677;1.35893080868125;1.31741273849689;1.37310487771606;1.31693240299942;1.36355783430777;1.3217456900422;1.30761729885501;1.32315647781672;1.37067629688647;1.30821518793795;-0.56584950418479;-0.518009651561256;-0.582181799271967;-0.51745617739189;-0.57118106759983;-0.523002363467951;-0.506722701402698;-0.524627965980697;-0.579383428623807;-0.507411628549031;0.681945949793786;0.57341921413024;0.677406403001007;0.573369634030857;0.680362160776661;0.572483339337307;0.684759516837194;0.571798497869353;0.678010049024557;0.575948548633742;"ada2023-ada2021";0.075459097869269;NA;NA
"Occurrence.Hydrobiidae";0.137597619933061;"family";0.801156770193558;0.433345853850006;0.146062889560433;0.396087293795297;0.145933343163953;0.45300750857144;0.144088375044073;0.398829317070493;0.144272869169489;0.430245606017568;0.145017563459687;0.459099804217706;0.817685008734128;0.505605758409053;0.817846707918732;0.434558222029386;0.820149588189511;0.502183178238466;0.819919303515799;0.462969518545514;0.818989779709843;1.27193117318798;1.17686508666446;1.22403779988974;1.17807484720897;1.24714298660864;1.1907382366341;1.1608903032373;1.19498103259076;1.2191366101228;1.1878602884571;-0.587618329532036;-0.468957300804102;-0.527838052961865;-0.470467318056046;-0.556677835110017;-0.486273699398957;-0.449017653507222;-0.491569536761264;-0.521720411634613;-0.482681458424321;0.657511739939069;0.597260986051445;0.661017309227643;0.596861162046054;0.672288483928082;0.592547090914123;0.68315705773715;0.591345942509878;0.674053697034489;0.593676119020583;"ada2023-ada2020";0.138600676024814;NA;NA
"Occurrence.Perlidae";0.143175901822239;"family";0.821374086085994;0.562239964909359;0.182373954591945;0.49970611978633;0.182162732442396;0.510590095852727;0.181501416969402;0.511393142892874;0.182281049635068;0.511779150735628;0.181214802401737;0.31548855213032;0.777964805949757;0.391621761324945;0.778221963015127;0.378370824570584;0.779027096125845;0.377393137236942;0.77807791513892;0.376923183473739;0.779376041353751;0.670736488261912;0.609655426460991;0.645207651991139;0.596291670984406;0.659255709979485;0.601932093350165;0.675009809063501;0.60018496727615;0.64963841748771;0.590448943188262;0.183397066423047;0.257761552514863;0.214477711287827;0.274031551414227;0.197374593200321;0.267164494781558;0.178194417746908;0.269291571960655;0.209083378094672;0.281144909255824;0.947196924613413;0.807638488394479;0.929832546938523;0.812967236892959;0.928362676766401;0.810409715017772;0.921448552973359;0.811434216963886;0.93339235743645;0.814959328723481;"rf2024-ada2023";0.102950491508916;NA;NA
"Occurrence.Planorbidae";0.13015991074749;"family";0.773381154033002;0.431490080578512;0.147190274185122;0.446892332131696;0.146515204226564;0.391542680986812;0.147077115172894;0.442699823407445;0.145344055419169;0.447192312068273;0.142923272937057;0.442073189489566;0.809679517767456;0.422157716410264;0.810552399082236;0.49372611558349;0.809825835028535;0.427578728678777;0.812066722002167;0.421769835305309;0.815196850619199;1.2326929322172;1.12721056239183;1.21036927152415;1.12030819368324;1.22663381713305;1.12201384195588;1.18516081014129;1.12705270671543;1.2207143240499;1.11824725831719;-0.593900919086273;-0.457509736969525;-0.565035901395271;-0.448584812082756;-0.586066340945141;-0.450790255367414;-0.532440768644228;-0.457305625871683;-0.578412297331218;-0.445919974240114;0.66991701946017;0.612620179670477;0.682673569686694;0.614530636813413;0.65866147722983;0.614179306466653;0.689884909336014;0.612103235249011;0.67925341302577;0.614060394871101;"rf2024-ada2020";0.147980944846159;NA;NA
"Occurrence.Glossosomatidae";0.115284492376348;"family";0.714846343977457;0.626084490820956;0.183891807566475;0.557740796721338;0.183606836473663;0.61806851230464;0.185243513511911;0.582247432802801;0.184279720152628;0.577754103034489;0.183998736195761;0.124169136352609;0.742753377539447;0.219775268601043;0.743152024178984;0.135382704952142;0.740862473351682;0.185492885697459;0.742210725836154;0.191778613820947;0.742603794863132;0.408104885592197;0.526964287480331;0.407674715897133;0.521412743299108;0.410564876138472;0.510744361481256;0.401418022082658;0.511973648604367;0.412170395225246;0.517936852474326;0.429101248078752;0.2628285897802;0.429703013337382;0.270594656191526;0.425659962315734;0.285518677147543;0.438455515000414;0.283799024898542;0.423413998409924;0.275457086913969;1.11515097865891;0.842369740023765;1.07791976520953;0.844590864069972;1.10932510631736;0.849803252460001;1.09462813774686;0.848871919711816;1.08631567264879;0.846225794732781;"ada2023-rf2020";0.175626925220214;NA;NA
"Occurrence.Blephariceridae";0.12235031610264;"family";0.743163645502999;0.524947662035098;0.207207907915052;0.525648409221568;0.207737219561009;0.525728081965369;0.207487107068782;0.526391108637925;0.207700915290379;0.527026820667485;0.207782977580615;0.293631133315468;0.721181318315422;0.292688208845589;0.720469077277851;0.292581001308887;0.720805628310373;0.291688833511702;0.720517928255492;0.290833420261327;0.720407505348326;0.0817438718752112;0.0709342444313915;0.0811408785470232;0.0685307884466169;0.0822690810239998;0.0701799948842691;0.0833586805766345;0.0715631371219789;0.0812532609495682;0.0700190187827766;0.890005556151924;0.904550976274706;0.89081694316182;0.90778506340924;0.889298835429016;0.905565893448988;0.887832671739191;0.903704739117664;0.890665721552387;0.905782502674246;1.24807441438408;1.07051177844897;1.24888826220653;1.07208271110866;1.24823368556912;1.07106508089242;1.24796748263973;1.07043904750451;1.24967907688465;1.07130976506457;"rf2021-ada2023";0.0199523916700496;NA;NA
"Occurrence.Glossiphoniidae";0.11230940870212;"family";0.702633278087749;0.419167214165025;0.130007237963285;0.393486970397685;0.129315030383331;0.428355273274563;0.129688360699127;0.423625480325136;0.129531242413563;0.395480506957227;0.130041243429435;0.40343387192561;0.814971419632862;0.439982445083473;0.815956581596493;0.390357265115093;0.815425251345795;0.397088789363843;0.81564886484442;0.437145208901083;0.81492302245725;0.979150087968402;0.976813237385446;1.00177172555179;0.985851293054652;1.00089985233604;0.98821517022182;0.996548366462298;0.979509869976256;0.983469158731554;0.982805207878666;-0.393543571738029;-0.390217725018506;-0.425739082951153;-0.403080844302869;-0.42449821770475;-0.406445155730875;-0.418305106718618;-0.394055619799335;-0.399690548970458;-0.398745602476185;0.755790213333915;0.654814689800039;0.737755819086596;0.651636667162189;0.751058082849101;0.650988433142716;0.750916030990836;0.653776771494049;0.745280720238193;0.652866910929553;"rf2020-ada2021";0.0355213579326472;NA;NA
"Occurrence.Capniidae";0.105987355894385;"family";0.676085621104913;0.384952026452115;0.129899213954731;0.38575662323553;0.130148011076083;0.381923051578602;0.130996997082641;0.390471663060717;0.130432965467668;0.385822526273693;0.13163951817757;0.430616456798777;0.807865734901387;0.429426375604474;0.807497738432324;0.43509662140953;0.806242001022658;0.42245234793993;0.807076261650848;0.42932889824938;0.805291646400594;0.404276495115165;0.339591704876912;0.385853814001125;0.340609512040539;0.38712483095388;0.348071438391939;0.391724103542549;0.345548280106772;0.380109772453104;0.34122620261473;0.40203358495561;0.497709026377571;0.429282620490387;0.49620358515555;0.427402656010922;0.485166630488173;0.420599859966905;0.48889864046798;0.437778647278582;0.495291436523866;0.990384295074685;0.900462962210693;0.999951405797939;0.900116796235917;0.997402489695509;0.897145501852627;0.999373975794057;0.898024743258505;1.00286046024174;0.900510600881263;"rf2020-ada2020";0.0956754414219608;NA;NA
"Occurrence.Goeridae";0.0899962811454072;"family";0.605058437882366;0.542945487666515;0.148309630948846;0.492775378031744;0.147369819930069;0.544382707732718;0.147738212624182;0.53805254120883;0.148673074448276;0.489071507717602;0.149332948640088;0.102656117702018;0.754883790286584;0.185573909593923;0.756437046897741;0.100280776782497;0.75582819216397;0.110742851398038;0.754283115249802;0.191695418000788;0.75319251944864;0.562258489649863;0.597610326649257;0.553454855996664;0.603295694717835;0.548252320805149;0.60619144331962;0.546617539366193;0.589838583866642;0.556657514121352;0.60578695148634;0.0707368835021918;0.0123097386414054;0.0852869386737397;0.00291334366098773;0.0938853398624302;-0.00187255538691358;0.0965871969668078;0.0251543537992663;0.079993800153274;-0.00120403841738588;0.990389973300709;0.798795470489551;0.970115891369727;0.796153766822116;0.998067063995384;0.795148320273236;0.995726657744472;0.802051262596208;0.966771602553225;0.795943559005935;"ada2023-rf2022";0.0984597523537214;NA;NA
"Occurrence.Philopotamidae";0.0948307921160283;"family";0.627148558480499;0.502174339463307;0.170842136136306;0.440894261603021;0.170387382445084;0.494746656932469;0.170008920123184;0.474381408359694;0.169743066455375;0.496458515356445;0.169413748835334;0.19927370848143;0.727589047561179;0.296985928387922;0.728314160750189;0.211117285940707;0.728917625936838;0.243590052237289;0.729341534537462;0.20838769595628;0.729866637586153;0.027304356228577;0.0124891558447149;0.0159930083507978;0.0154391745360779;0.0269288153547496;0.0151304684466873;0.0512340181184033;0.0132785933171076;0.0146810681229386;0.0139741174498231;0.956462697937579;0.980085809532953;0.974498851771984;0.97538195005425;0.957061504821131;0.975874187635308;0.918306408544513;0.978827036851875;0.976590764780662;0.977718010731492;1.26799256396556;1.08239533732456;1.23670505175697;1.08055425001422;1.26352940570534;1.0805165629747;1.23562102151372;1.08137376404394;1.27237944164798;1.08081978749877;"rf2020-ada2023";0.0617794009884391;NA;NA
"Occurrence.Dixidae";0.092599479360357;"family";0.617022337572615;0.516319900261419;0.209192914178375;0.474097894151259;0.208827152982107;0.50264299903003;0.207207590678663;0.504763983134783;0.2059209710012;0.501101765719245;0.208286877238895;0.163207117763941;0.660963791033326;0.231635768623265;0.66155657540108;0.185373091989761;0.664181378758792;0.181935640903147;0.666266586374653;0.187870948577657;0.662432193203406;0.0384529898936931;0.0323268979960261;0.0315009201319843;0.0356547718197544;0.0279557927342381;0.0313429214619473;0.0278014449016421;0.0339525360888674;0.0276554404772692;0.0337940586961342;0.937679744229409;0.947608220922437;0.94894687240026;0.942214779516701;0.954692413820516;0.949202938770011;0.954942563325967;0.944973570612633;0.955179190779273;0.945230412841971;1.26989402890743;1.09246106410699;1.24769579597526;1.09044534978598;1.26787668936072;1.09191423472409;1.26931993033009;1.08978912852471;1.26709029126137;1.09116551989527;"ada2024-ada2020";0.0174994465498636;NA;NA
"Occurrence.Gyrinidae";0.0829304574191149;"family";0.571737729719057;0.304434848051193;0.0760375842543114;0.267096365578273;0.0762648071978318;0.290102911099027;0.0762627838217032;0.287222311906323;0.0759117949470273;0.286331783966608;0.0759273762898073;0.467527098131538;0.867006180803084;0.532834109602108;0.866608755669654;0.492594425696589;0.866612294663188;0.497632748415153;0.867226193058259;0.499190329616157;0.86719894045279;1.22048409970069;0.986331937016959;1.1590203469077;0.986641159196088;1.12567996164358;0.986710205951644;1.17538062070231;0.985545997947868;1.15166406252693;0.995521503538552;-1.13469224831536;-0.725147538368032;-1.02718884317329;-0.725688384569106;-0.968874718477517;-0.7258091510534;-1.05580384082728;-0.723772888719711;-1.01432230665071;-0.74122058382912;0.632531899395865;0.634354599063183;0.64020810548373;0.634328591300227;0.658501470120357;0.634306050792461;0.641414648027573;0.634564018142007;0.648777056826895;0.631411768921949;"rf2023-ada2020";0.410919359595648;NA;NA
"Occurrence.Leptoceridae";0.079583488285608;"family";0.55550185039821;0.196239424888243;0.045174016024426;0.235201256781036;0.0452465188233544;0.220535764127718;0.0454836225870794;0.222259353415401;0.0452930422755068;0.193643448778044;0.0449019501952894;0.646734885315739;0.918678909904543;0.576596807711024;0.918548392249424;0.602997246598499;0.918121564213558;0.599894485939021;0.918464641939467;0.651408094069838;0.919168675742301;1.64279365861881;1.34841782291093;1.68483873449181;1.33002004872249;1.67967527967457;1.35595560893185;1.70810039226233;1.32282712449108;1.62761911386569;1.36394725206085;-1.95731446698364;-1.42738673497544;-2.03300292030357;-1.39426753982739;-2.02370780308022;-1.44095606155018;-2.07487795231985;-1.38131902448716;-1.9299976457305;-1.45534240990036;0.485159722816612;0.521199755186265;0.484412366137964;0.526035401672373;0.482116372296197;0.519319492270275;0.475722527839902;0.527942954882551;0.488220645672203;0.517098111888904;"rf2023-ada2023";0.693558927832689;NA;NA
"Occurrence.Caenidae";0.0758646336928226;"family";0.53710263645511;0.27449533083511;0.0640947743956106;0.283731753748036;0.0642706842069693;0.266377157713915;0.0643989141853697;0.243544221115982;0.0640205956491177;0.26663569677464;0.0638089689100894;0.488933190410709;0.880665686508937;0.471736434546901;0.880338170314789;0.504047942359749;0.880099426414281;0.546559252206655;0.880803795580571;0.50356658359668;0.881197811034349;1.24990708221871;1.15893815340827;1.25262090513081;1.13337357168711;1.2484254099288;1.15885767627352;1.25726945417438;1.18586062032603;1.2468974456311;1.1501409259802;-1.32712892729055;-1.15775919674736;-1.33218163552154;-1.11016199653646;-1.32437028827198;-1.15760936107485;-1.34083649723336;-1.20788456402436;-1.32152546087029;-1.14138015328162;0.614033448648974;0.578439285470409;0.61603926494181;0.585932054699073;0.611999308662159;0.578550534936668;0.602382522200225;0.570683786130279;0.612546222301699;0.580906201401189;"rf2021-ada2023";0.230674500696902;NA;NA
"Occurrence.Calopterygidae";0.0769802900706582;"family";0.542663038656323;0.290794138773545;0.0928160194655067;0.319883716063359;0.0923712114622918;0.329424257185971;0.0930553732370391;0.331589794135871;0.0927746500329242;0.332833975301632;0.0925894417924842;0.46413498237585;0.828961965614377;0.410529751841186;0.829781641861936;0.392948784568686;0.828520893062016;0.388958210684638;0.829038199722167;0.386665478220599;0.829379494830267;0.928255056463876;0.939119687651662;0.91883115878361;0.937038848420588;0.868400465483596;0.949163776870708;0.871494896519053;0.939398402848276;0.883713651850966;0.941149719201064;-0.7105551517979;-0.730576104790549;-0.693189130880756;-0.726741608827406;-0.600257256572743;-0.749084992449297;-0.605959563188501;-0.731089711166439;-0.62847584762565;-0.73431697417872;0.727071498588331;0.654979177392229;0.74120820009721;0.655515179785409;0.763770365166929;0.651776086393257;0.763415716643569;0.654874361396386;0.759238107794574;0.654240578126965;"ada2022-rf2022";0.148827735876555;NA;NA
"Occurrence.Tabanidae";0.074748977314987;"family";0.531506725909808;0.443424214798591;0.121651728798715;0.417726698861112;0.121449237244769;0.44283682930888;0.120591263362651;0.444214336744168;0.121167181420374;0.391845681411484;0.121627605207447;0.165722288763968;0.771119116902091;0.214070719150228;0.771500093367816;0.166827421514086;0.773114322953809;0.164235718778942;0.772030765531771;0.262764397307031;0.771164504081767;0.622316786111207;1.25608755418647;0.682791532487768;1.24494006028304;0.668445930515456;1.2304749493852;0.672278093039643;1.20659983283485;0.737337556543467;1.18155055194641;-0.170854018913787;-1.36325806044385;-0.284633851658223;-1.34228467786934;-0.257643408691098;-1.3150693855829;-0.264853406866807;-1.27014969710769;-0.387259126930761;-1.22302088449378;0.91443738220898;0.56710097046107;0.875874540584511;0.570212938546116;0.893325242934206;0.574105648481301;0.89222951280483;0.581167466252184;0.841351343463444;0.588627647081382;"ada2020-rf2020";1.19240404153006;NA;NA
"Occurrence.Pediciidae";0.0650799553737449;"family";0.481444445479195;0.35289536904555;0.0978793935855698;0.305876253790921;0.0986227323687992;0.332865829268018;0.0987759768775803;0.340832832990178;0.0951552740266455;0.331764945191656;0.0992035144287673;0.267007081794654;0.796696390404613;0.364669679621138;0.795152414167667;0.308610095321158;0.794834112626918;0.292061968539406;0.802354612416527;0.310896722753876;0.793946081712445;0.252860456133567;0.313334655723876;0.224505794281365;0.332855284507142;0.254354664956046;0.332972574611949;0.257470827065356;0.30385559619732;0.261064668055909;0.319313475454122;0.474787883611601;0.349177960892236;0.533682865407433;0.308631997663111;0.471684288095006;0.308388376398168;0.465211761225975;0.368866752850614;0.457747055745832;0.336759456978883;1.05128944800383;0.897872115597374;1.04152421311083;0.889481761707375;1.04003626439506;0.889497752244401;1.04256185155789;0.90090977863735;1.03598238269068;0.89578488323046;"ada2021-rf2022";0.225294489009265;NA;NA
"Occurrence.Cordulegastridae";0.0661956117515805;"family";0.487370197776341;0.444852240889323;0.145579456220099;0.412128449325335;0.146121186035069;0.447299873346176;0.146116260828602;0.410012348698642;0.146615669919753;0.408077165479845;0.146680781915456;0.0872395503069507;0.701295941187386;0.154383154313294;0.700184404582477;0.0822174285850646;0.70019451026085;0.158725029619473;0.699169808517843;0.162695693454946;0.69903620987763;0.319329611655353;0.597829422604803;0.286454609004495;0.577600206935095;0.314841359669753;0.600863367240672;0.315361693746393;0.619162282484108;0.292288279491301;0.594450623242009;0.344790442435102;-0.226643371573478;0.412244305639813;-0.185136492896846;0.353999565204771;-0.232868505259763;0.352931928982831;-0.270414738753164;0.400274615015679;-0.219710655173891;1.06477266322752;0.797618406540968;1.06485316898666;0.805945214838554;1.06847164352011;0.796623145571996;1.04846304743911;0.789564851407244;1.05960314127203;0.799407124317831;"ada2021-rf2023";0.682659044392977;NA;NA
"Occurrence.Anthomyiidae";0.065823726292302;"family";0.48539945313509;0.414328800978044;0.118514100095268;0.402045276720565;0.11888113716498;0.414036930756349;0.119164613736783;0.415036946924336;0.118627604149426;0.410866642919984;0.117932594089307;0.14641683606773;0.755842122751044;0.171722847803307;0.75508596806784;0.147018135100537;0.754501961287504;0.144957942898984;0.755608286364486;0.153549431779775;0.757040117520516;0.709610606427199;0.768087030992002;0.699451124006074;0.78046874564532;0.70312335702369;0.779036044526709;0.707396288361706;0.765320873360586;0.707862333110521;0.762786897500264;-0.461910601349007;-0.582381327442982;-0.440980453291552;-0.607889626995747;-0.448545836799707;-0.604938035045328;-0.457348754294604;-0.576682603199372;-0.458308880528379;-0.571462210296258;0.862740867217931;0.722681654670289;0.861825104735509;0.718353275170018;0.865417514192344;0.718969950645693;0.864002453296401;0.723722943466169;0.862001864700394;0.724388700366235;"ada2021-rf2021";0.166909173704195;NA;NA
"Occurrence.group.Hemiptera";0.0661956117515805;"group";0.487370197776341;0.335109063113968;0.0903088799369951;0.347965202144829;0.0908057418085314;0.350143552868778;0.0907093253124893;0.348617164573148;0.0905385189183467;0.348662258396906;0.0903500897258824;0.312413716220389;0.81470167780255;0.286035125388372;0.813682202517022;0.281565523566415;0.813880032619235;0.284697410379753;0.814230498025044;0.284604885592717;0.814617122388462;0.909008985129215;0.840212166075753;0.926244386534862;0.840833541323001;0.924390680476442;0.824423528648635;0.925318437783;0.846646935074838;0.92349133888439;0.839441661329303;-0.865130427089365;-0.723971161776567;-0.90049451271521;-0.725246117139212;-0.896691026029159;-0.691575587531045;-0.898594624794104;-0.737174203383221;-0.89484573143348;-0.722390218276193;0.750549284627365;0.687322514794532;0.748907656442102;0.68727972570324;0.750418998482208;0.692908653460912;0.749498744464554;0.685193356644036;0.750200675998479;0.687601526247977;"rf2022-ada2021";0.208918925184164;NA;NA
"Occurrence.Lepidostomatidae";0.0602454444031238;"family";0.455284676109605;0.21706017182483;0.0513165598446071;0.215038802213197;0.0509347411094887;0.192523594296074;0.051155706958471;0.220931189779204;0.0508936276064457;0.230272349623657;0.0515839770248028;0.5232429659623;0.887286872285916;0.527682758728676;0.888125509637784;0.577135791300549;0.887640174065169;0.514740553828751;0.88821581248609;0.49422336901095;0.886699509709867;1.20531702151611;1.02751279453735;1.14223504498402;1.03084367116761;1.44264231257241;0.992964747439585;1.17978889905705;1.01757797477953;1.17424427441966;1.04931322346526;-1.6473920269303;-1.25685784840688;-1.50883700884552;-1.26417387902474;-2.1686599358005;-1.18097555121873;-1.59132134456691;-1.23503673234669;-1.57914297589268;-1.30474092040964;0.61010242574942;0.61379264638254;0.629016291874748;0.612654290744602;0.535229656804878;0.624437196678523;0.619136908014844;0.616718762395044;0.623762268982768;0.607219691621288;"rf2022-ada2022";0.987684384581773;NA;NA
"Occurrence.Physidae";0.0565265898103384;"family";0.434602731747836;0.315700311318763;0.0935855684358254;0.304679758887681;0.0933837481502224;0.320113617814016;0.0926807134210526;0.319340759421363;0.0924789899438318;0.302613807010717;0.0929079134503047;0.273588755300467;0.784664104481227;0.298946516828473;0.785128483259499;0.26343394914565;0.786746132385501;0.265212259165803;0.787210288412338;0.303700172813689;0.786223356036769;0.501398156991115;0.579435986553974;0.514584494719152;0.601529542842748;0.502316711658083;0.572844285422019;0.492917854897624;0.59498631470983;0.514871677206148;0.599823677318638;-0.153693063489612;-0.333254359041106;-0.184034192904528;-0.384090570309084;-0.155806613635222;-0.318087171514589;-0.13418029591131;-0.369034916823882;-0.184694986005946;-0.380165455717077;0.911331171225065;0.784330172369551;0.900367407941142;0.775635258233561;0.91292500146822;0.786563528550714;0.916870949573133;0.777825041578816;0.899308688146849;0.776112432591291;"ada2023-rf2021";0.249910274397774;NA;NA
"Occurrence.Sialidae";0.0524358497582744;"family";0.411251871797919;0.422039291983098;0.119330564995698;0.416300482624194;0.119756761836406;0.422094122428738;0.120203222895126;0.422907862954685;0.11967305382481;0.417304592898149;0.119387733701143;-0.0262306895723503;0.709835813089418;-0.0122762014533902;0.708799472904887;-0.0263640152771083;0.707713858250372;-0.0283427066381689;0.709003017295408;-0.0147177958698867;0.709696801672412;0.234896201871285;0.283049416622213;0.233547008089399;0.310331948085548;0.234702256353436;0.313818186991479;0.232752459883671;0.310345346914391;0.227491251759925;0.299499483233906;0.428826424924557;0.311737073962066;0.432107124355753;0.245396873869939;0.429298022821489;0.236919735782543;0.434039147673374;0.245364293279401;0.446832300688688;0.271737094047624;1.09808916338156;0.921401474855812;1.09568171164663;0.909111442668031;1.09822576097174;0.907730743776265;1.09974430362738;0.909067303269697;1.09955622938006;0.913880121006378;"ada2024-rf2022";0.209912564906145;NA;NA
