"Taxa";"Prevalence";"Taxonomic level";"Null_model";"iGLM.fit";"chGLM.fit";"hGLM.fit";"GAM.fit";"SVM.fit";"RF.fit";"BCT.fit";"ANN.fit";"expl.pow_iGLM.fit";"expl.pow_chGLM.fit";"expl.pow_hGLM.fit";"expl.pow_GAM.fit";"expl.pow_SVM.fit";"expl.pow_RF.fit";"expl.pow_BCT.fit";"expl.pow_ANN.fit";"iGLM.pred";"chGLM.pred";"hGLM.pred";"GAM.pred";"SVM.pred";"RF.pred";"BCT.pred";"ANN.pred";"expl.pow_iGLM.pred";"expl.pow_chGLM.pred";"expl.pow_hGLM.pred";"expl.pow_GAM.pred";"expl.pow_SVM.pred";"expl.pow_RF.pred";"expl.pow_BCT.pred";"expl.pow_ANN.pred";"iGLM.likelihood.ratio";"chGLM.likelihood.ratio";"hGLM.likelihood.ratio";"GAM.likelihood.ratio";"SVM.likelihood.ratio";"RF.likelihood.ratio";"BCT.likelihood.ratio";"ANN.likelihood.ratio";"Big.model.diff";"Big.pred.expl.pow.diff";"chGLM.model.diff";"chGLM.pred.expl.pow.diff"
"Occurrence.Simuliidae";0.923019709929342;"family";0.542663038656323;0.483610896705437;0.489830103205254;0.491240731588868;0.450880348774297;0.475729983618827;0.136774316406191;0.444932721202247;0.443216224813844;0.10881917091148;0.0973586400538484;0.0947591846217887;0.169133851661037;0.123341835116001;0.747957191363438;0.180093926603265;0.183257024633034;0.498510369909206;0.502660123304774;0.508199543758387;0.501768271675549;0.532062239074859;0.512691361903765;0.488858318772638;0.514568688547798;0.0813629556500522;0.0737159388090992;0.0635080933156435;0.0753594110297842;0.0195347735635579;0.0552307318124532;0.09914940958004;0.0517712615513474;0.992577943905686;0.993605522198888;0.991556442682041;0.97487700812841;0.97222683954857;0.82864907660582;0.978276627453241;0.964952663835037;"BCT-SVM";0.0796146360164821;NA;NA
"Occurrence.Limoniidae";0.865005578281889;"family";0.791543597715128;0.736893403070764;0.742468347524496;0.744566113297687;0.694639032562258;0.716066451069407;0.203275713348868;0.686253353288586;0.674793403487038;0.0690425578605123;0.0619994278676416;0.0593492064783885;0.122424798119264;0.0953543770218011;0.743190755461046;0.133018882005329;0.147496858751813;0.756326227994482;0.757697565344945;0.766226765748136;0.751357588242982;0.775948550742834;0.767497323655964;0.749782871378345;0.764424421936434;0.0444920151237471;0.0427595301988214;0.0319841282780529;0.0507691674699251;0.0197020694972595;0.0303789634943374;0.0527585927766078;0.0342611270648603;0.990330639358762;0.992414308778688;0.989228110604276;0.972039071959535;0.970502743157413;0.75419011175189;0.968734441292465;0.95617387082028;"BCT-SVM";0.0330565232793483;NA;NA
"Occurrence.Limnephilidae";0.822238750464857;"family";0.935963459055595;0.871827277496481;0.876961607180415;0.879003039423296;0.825989952112407;0.819080544714552;0.253710537625474;0.732095517792424;0.786822599906328;0.0685242366446966;0.0630386275279531;0.060857525025361;0.117497650019536;0.124879783724655;0.728931150921776;0.217816132981172;0.159344745466616;0.884812073538372;0.894395434807347;0.892737346625317;0.872184783665901;0.904264067143602;0.867104063092516;0.877128344709684;0.881948694497615;0.0546510496989224;0.0444120161380989;0.0461835470306655;0.0681422706972428;0.0338681938972043;0.0735706028871673;0.0628604821872819;0.0577103347736264;0.99352863205859;0.991320968328051;0.993156371417505;0.977167287626213;0.9583025264826;0.735873711410556;0.930050481189903;0.95355035246644;"RF-SVM";0.0397024089899631;NA;NA
"Occurrence.Rhyacophilidae";0.805875790256601;"family";0.984296306063927;0.887852541870223;0.894019733916608;0.892414560044247;0.844622657639684;0.849700544706351;0.254552225378725;0.816914993554781;0.795270626218912;0.0979824506091773;0.0917168657356066;0.0933476489280987;0.141902034543622;0.136743133676694;0.741386588763453;0.170051753194607;0.192041439839294;0.903712027985843;0.906709769992805;0.900487067666701;0.891748603306547;0.920455483048191;0.893228076766731;0.886197111984654;0.89438346184993;0.0818699385354091;0.0788243698499498;0.0851463506272503;0.0940242304956583;0.0648593544671802;0.0925211531691773;0.099664291611089;0.0913473348015969;0.992101614414363;0.99367506908202;0.995971880912904;0.976712466380733;0.965240998764168;0.726629960879542;0.965952073634753;0.951651466525028;"BCT-SVM";0.0348049371439088;NA;NA
"Occurrence.Elmidae";0.764968389735961;"family";1.09056995358128;0.692519765421532;0.699869252225543;0.698323937722327;0.644556796921852;0.641553960967804;0.182283310844444;0.607350951706128;0.596801759114443;0.36499280660778;0.35825368200612;0.359670660805271;0.408972533302227;0.411725988909716;0.832855003710811;0.443088497247084;0.452761597589747;0.703773847893564;0.709448977586845;0.706352163185151;0.672558836997615;0.719679021040045;0.676939686611584;0.684829369588138;0.712621451397127;0.354673356273507;0.349469536312536;0.352309165619694;0.383296014355589;0.34008908032289;0.379278986745775;0.372044528331948;0.346560530980175;0.994388760906857;0.995221590418045;0.99599393304994;0.986096538406524;0.961690572719971;0.780884374683067;0.962001557840421;0.943735024955758;"GAM-SVM";0.0432069340326987;NA;NA
"Occurrence.Gammaridae";0.732986240238007;"family";1.16053196633123;0.628704228189783;0.635248502765139;0.639236766696033;0.550696433232078;0.557288853491448;0.143015534812477;0.460628161939042;0.51141399157727;0.458262032904364;0.452623002903282;0.44918642033029;0.525479306724325;0.519798790848308;0.876767259359008;0.603088777127599;0.559327957855402;0.645963064229601;0.648484370029869;0.65504079044662;0.598862317496747;0.634497392253411;0.565525260666461;0.613457074677;0.636677549148452;0.443390545913464;0.441218002740665;0.435568506986164;0.483976025761772;0.45327021515897;0.512701694504593;0.471400105749511;0.451391631062806;0.991407708537491;0.993403916662578;0.992129126946783;0.97620473789741;0.962131378666163;0.809567711789637;0.926432161270206;0.93928927625729;"RF-hGLM";0.0771331875184296;NA;NA
"Occurrence.Heptageniidae";0.7244328746746;"family";1.17743548541178;0.966323564680579;0.972256968698549;0.970954942397515;0.916635247836464;0.869650584635153;0.250853930508493;0.785725468510795;0.82598743011913;0.179298079042839;0.174258818640479;0.175364634047918;0.221498537122916;0.261402772882278;0.78694889561549;0.332680662129014;0.298486039912194;0.980733499271927;0.984368079621765;0.990036506517435;0.968586388030505;0.987160029141621;0.920192560281924;0.973493666595709;0.988695910356518;0.167059672123832;0.16397281055488;0.159158596132178;0.177376255403275;0.161601598242658;0.21847729945042;0.173208486870727;0.16029716905403;0.992820926256473;0.99396274246104;0.990504586801747;0.974358892811211;0.942938022508791;0.715574677125049;0.91038827099871;0.921867071296287;"RF-hGLM";0.0593187033182414;NA;NA
"Occurrence.Nemouridae";0.707698029007066;"family";1.2083999653351;0.832113981882308;0.841848440253413;0.839133174134078;0.779457015847334;0.775824097659209;0.233559722371564;0.677854505194768;0.709011741097455;0.311391918443533;0.303336259183061;0.305583252063918;0.35496769430047;0.357974081500355;0.806719853466071;0.439047894207122;0.413264017348066;0.849759715377809;0.851871686392425;0.855804460745922;0.852088539573834;0.895097652583639;0.805080945753098;0.837680157741219;0.869267978169222;0.296789358031668;0.295041616327596;0.291787085984734;0.294862161521546;0.259270375487459;0.333762852657945;0.306785682082572;0.280645479058614;0.99121594052674;0.995000914160688;0.99169900183872;0.964335744951623;0.942106665819441;0.751442480962239;0.923196821386399;0.922998085647745;"RF-SVM";0.0744924771704855;NA;NA
"Occurrence.Empididae";0.688359985124582;"family";1.24081318179951;1.21487916383489;1.21726287224401;1.21936537465448;1.163053393448;1.12948677853653;0.376386468415453;1.03394496837024;1.09561262020768;0.0209008240281695;0.0189797383691182;0.0172852831188754;0.0626684093077947;0.0897205194915272;0.696661452395605;0.166719870858611;0.117020486018095;1.23875064991524;1.24438653680187;1.23857794999757;1.21376947636967;1.21672662403724;1.1913782547284;1.2215148312059;1.2131302384589;0.00166224208005329;-0.00287984932362941;0.00180142493224281;0.0217951467848113;0.019411913183697;0.0398407494345117;0.0155529864420253;0.0223103233804017;0.988135205386183;0.986529715051313;0.990439705318086;0.97496077314949;0.957317743030168;0.665314183733666;0.910478556517658;0.942934168849306;"RF-chGLM";0.0427205987581411;NA;NA
"Occurrence.Hydropsychidae";0.686872443287467;"family";1.24316052010929;0.906592036953914;0.912060603213393;0.913934837435523;0.837651603512699;0.839582523837738;0.22220946746622;0.742682024496081;0.802197651801878;0.270736142043658;0.266337219964796;0.264829583427267;0.32619191973772;0.324638684822514;0.821254404502256;0.402585577258528;0.354711126338412;0.926916136487839;0.924885797587488;0.920620174225698;0.898974696026481;0.944452331905119;0.868120625168693;0.888824558607007;0.909444898058292;0.25438740895154;0.256020616302891;0.259451889491501;0.276863541365158;0.240281269693081;0.301682597600209;0.285028325602822;0.268441296721409;0.989889409403043;0.993607919635496;0.996662912101264;0.969803751246019;0.948916089655139;0.724006014832498;0.929534582472543;0.947788765149102;"RF-SVM";0.0614013279071278;NA;NA
"Occurrence.Leuctridae";0.680550390479732;"family";1.25290778493388;0.878458149002542;0.883349927293868;0.88459777877642;0.827795896509016;0.833201016000635;0.219827521917334;0.755291521065419;0.739881863746533;0.298864481835028;0.294960141587366;0.29396417724142;0.339300221083147;0.334986160977037;0.82454612816622;0.397169105222472;0.409468220531824;0.896242158764188;0.908738333971553;0.90469492976332;0.885171205565514;0.924149603727878;0.837512447659921;0.889896671086742;0.906019737828947;0.284670292944594;0.274696553969044;0.277923770095286;0.29350650047064;0.262396151703495;0.331545020526694;0.289734901652234;0.276866383365347;0.991147412076131;0.98738602820967;0.990001742757985;0.971719929390946;0.955544165604879;0.734296439867633;0.93491227744377;0.920287703122013;"RF-SVM";0.0691488688231987;NA;NA
"Occurrence.Ceratopogonidae";0.595760505764225;"family";1.34938646630396;1.19118578310651;1.19584608595912;1.19658246798501;1.14586742329984;1.09165108684527;0.372600096728746;0.986536129875646;1.08073371197181;0.117238972783511;0.113785327020065;0.113239610841432;0.150823391286539;0.191001900415263;0.723874437729232;0.268900233913108;0.199092521705815;1.21917922196511;1.21891112582172;1.21888264334507;1.2078951786708;1.18364677174933;1.16555270975549;1.20160384528631;1.20803778779208;0.0964936640394059;0.0966923440692412;0.0967134517929065;0.104856015060472;0.122825964757602;0.136235067668939;0.109518380914574;0.104750330644001;0.986100779230883;0.98853372467638;0.988911844152097;0.969462119092299;0.955044022741786;0.672686214794255;0.898046116155284;0.938331446502959;"RF-iGLM";0.0397414036295326;NA;NA
"Occurrence.Psychodidae";0.517664559315731;"family";1.3850459547219;1.32633197696492;1.33311254668432;1.33041425737243;1.27689719036114;1.20427453399958;0.434285172163119;1.20814461952134;1.20994942577083;0.0423913571653086;0.0374958013923829;0.0394439600817727;0.0780831596179588;0.130516550809042;0.686447102579843;0.127722357945937;0.12641929197665;1.35369387264394;1.35131475717078;1.3561761051063;1.33610166151988;1.29969006945205;1.30893042064896;1.33517396485067;1.32401888816052;0.0226361312930221;0.0243538472034994;0.020843965153051;0.0353376673424874;0.0616267532343265;0.0549552408809585;0.0360074622081717;0.0440614019724921;0.986412211009692;0.990940184459511;0.987201680180366;0.970831619034358;0.95341236423394;0.645763058981423;0.938460349485633;0.944561263055555;"SVM-hGLM";0.0407827880812755;NA;NA
"Occurrence.Leptophlebiidae";0.450353291186315;"family";1.37641891352558;1.1647207201658;1.17340101419917;1.16973771937888;1.10933831290524;1.03751775613153;0.290765903575667;0.91569077983973;1.01366605752245;0.153803606794048;0.14749717352139;0.150158641468606;0.19404019953216;0.246219485989177;0.788751883079771;0.334729586435087;0.263548293647006;1.18048498919297;1.1850312733577;1.18151282790429;1.15347862364999;1.16654634703147;1.10262610838581;1.14457172541506;1.17084400971184;0.142350502748279;0.13904752273249;0.141603754282959;0.1619712484948;0.152477246884479;0.19891677050446;0.168442314932062;0.149354896095675;0.9921488480523;0.994201745560527;0.99412974342123;0.978171608650532;0.937522711857228;0.666356742530789;0.891865027076842;0.924419805008135;"RF-chGLM";0.0598692477719697;NA;NA
"Occurrence.Sphaeriidae";0.428783934548159;"family";1.36593829332975;1.04354645089521;1.04808508514644;1.05017228625127;0.995385608688425;0.958496200744456;0.303637843635884;0.884650006926551;0.922020659321298;0.236022259577079;0.232699536820568;0.231171502124548;0.271280691412516;0.298287334482785;0.777707495925233;0.352349947836928;0.324990986910774;1.05799115881817;1.06420386640265;1.05984943147637;1.04675142507215;1.06904972365327;1.03453600842243;1.04756775536476;1.0433025494909;0.225447325121034;0.220899017474329;0.224086888366845;0.233675906017335;0.217351377530207;0.2426187819213;0.233078272656736;0.236200819183687;0.992803664560883;0.991972999188076;0.995173114422793;0.974644092272563;0.946223233592932;0.693884969375177;0.921770617610843;0.941161107637515;"RF-SVM";0.0252674043910936;NA;NA
"Occurrence.Taeniopterygidae";0.440684269245073;"family";1.37218774001095;1.14268988630595;1.15058337349622;1.15194887404103;1.07389601277273;1.01255216680698;0.305103832144105;0.831551004047174;0.980977438385973;0.167249602232391;0.161497118836639;0.160501992218762;0.217384049237929;0.26208918992462;0.777651539036728;0.393996185944251;0.285099691695143;1.18100431747406;1.18021587352287;1.17693808138412;1.13126072917611;1.11661536346586;1.0611750213399;1.14455228529804;1.13206891102422;0.139327452769224;0.13990204174725;0.142290776206229;0.175578751951911;0.186251756296157;0.226654640325359;0.165892354286079;0.174989778719943;0.98102511768145;0.985292970540544;0.987583129802447;0.971725075950641;0.949298870110538;0.685206110595812;0.855130969884087;0.927237321142161;"RF-iGLM";0.0873271875561343;NA;NA
"Occurrence.Perlodidae";0.443659352919301;"family";1.37357028038428;1.03407878953128;1.04184360701552;1.03958902663996;0.981355111890502;0.970191598236622;0.274064883484569;0.924266675893252;0.904423937448651;0.247159898332995;0.241506880358504;0.243148281899985;0.285544303116438;0.293671672944763;0.800472616946914;0.327106381746501;0.341552485253524;1.05978282783125;1.06463631076245;1.05598391008889;1.0361456595452;1.04911823890466;1.00525653086428;1.0271544273391;1.04491852492663;0.228446594276377;0.224913114409702;0.231212319333628;0.245655155515361;0.236210732070331;0.268143359520677;0.252201039868357;0.239268248702718;0.987230215377908;0.988668340558762;0.991836065680106;0.972976573330647;0.961305213698081;0.69378315526544;0.949856958501357;0.932163273259557;"RF-chGLM";0.043230245110975;NA;NA
"Occurrence.Athericidae";0.368910375604314;"family";1.31674643300699;1.11239244266883;1.11727913554171;1.11783134986921;1.04029561751905;1.0112210726551;0.296588262639201;0.866320053985992;0.949696400275341;0.155196160183619;0.151484972706375;0.151065594826431;0.209949925481572;0.232030520602342;0.774756737360665;0.342075260452677;0.278755289196749;1.12990544498911;1.1287078091704;1.13897455357485;1.08843848907045;1.12763436592213;1.02882772665022;1.07277687071456;1.08449911439178;0.141895951516802;0.142805493239252;0.135008438204896;0.173387934239674;0.143620717204449;0.21865918839003;0.185282113683261;0.176379683129148;0.991281725337981;0.994301958953657;0.989484081137836;0.976215970521895;0.943454965498821;0.693419771699286;0.901920943665488;0.934819929455952;"RF-hGLM";0.0836507501851348;NA;NA
"Occurrence.Psychomyiidae";0.336184455187802;"family";1.27694430252207;1.10214134966472;1.10731841594747;1.11125930530132;1.03510699840171;1.02040828572351;0.310120040550036;0.925158002325753;0.957335220804738;0.136891603268914;0.132837341644089;0.129751154293501;0.189387511767514;0.200898360478118;0.757138944950439;0.275490716001873;0.25029210834496;1.11143615433762;1.11789471835022;1.11700200317787;1.07372948935371;1.13188034537044;1.02913980534595;1.06454111314126;1.0645960784858;0.129612660362369;0.124554832859757;0.125253935530545;0.159141485471997;0.113602415442178;0.194060537085826;0.166337082174449;0.166294037740615;0.99536338012784;0.994725806455954;0.997132769441376;0.980874022125497;0.945788762968624;0.698018353328909;0.932681456095174;0.947782314793371;"RF-SVM";0.0804581216436475;NA;NA
"Occurrence.Nematoda";0.335812569728524;"phylum";1.27643766236218;1.2404614141087;1.24758693289202;1.24747007347209;1.20651824001551;1.1682549674591;0.412565749382948;1.18839854208917;1.17275387002573;0.02818488463189;0.0226025369831004;0.0226940881989345;0.0547769972701;0.0847536061438988;0.676783472042455;0.0689725184934507;0.0812290293476372;1.25766484533397;1.26315036608868;1.25988617702413;1.2546366200217;1.23993558564031;1.25055469616493;1.24763775218649;1.24763927403234;0.0147071945475705;0.0104096711224524;0.0129669358920506;0.017079598152982;0.0285968346110336;0.0202775011741302;0.0225627236056236;0.0225615313454065;0.991435173298026;0.992248482573707;0.993811178362929;0.976227925113882;0.964794350069216;0.657707830151793;0.97081475635081;0.96324960841253;"SVM-chGLM";0.0181871634885812;NA;NA
"Occurrence.Hydraenidae";0.317218296764597;"family";1.24950976125645;1.10523316898397;1.11139717627526;1.11282678367934;1.04476204130869;1.02778515979267;0.33526855207793;0.982928611865308;0.975211556364245;0.115466558762533;0.110533418196193;0.109389283553631;0.163862441332092;0.177449275178785;0.731679925620749;0.213348592909814;0.219524659508368;1.13059973259765;1.12771078388556;1.13696154372125;1.10779886523205;1.12737913314275;1.09427857076935;1.11700311254077;1.09674152140663;0.0951653459187288;0.0974774116597609;0.0900739002006845;0.113413196453867;0.0977428363511844;0.124233675718549;0.106046909615523;0.122262542147894;0.987396812036665;0.991876372653106;0.988005138812115;0.968973115593625;0.95142255635249;0.684199998010977;0.935160365648506;0.941044375666209;"RF-hGLM";0.0341597755178643;NA;NA
"Occurrence.Planariidae";0.326143547787281;"family";1.26282770894167;1.17833985576235;1.18340219288922;1.18456218247497;1.12957828288067;1.08132682170012;0.339233934487102;1.00516613430228;1.03248024943867;0.0669037055340899;0.062894974104594;0.0619764089056071;0.105516710725863;0.143725771897781;0.731369582655577;0.204035414185932;0.182406085859525;1.19512676787808;1.19495851311053;1.19780584698626;1.17796429196054;1.18208158905935;1.10135292164376;1.14899723541296;1.17753530011181;0.0536105919946332;0.0537438285132444;0.0514890998154489;0.0672011046164371;0.063940725492942;0.127867630837172;0.0901393537081188;0.0675408119618589;0.991641670647575;0.994238501350165;0.993400043762493;0.976097300366167;0.950870513768125;0.683137246131635;0.930609481946828;0.930040146639892;"RF-hGLM";0.076378531021723;NA;NA
"Occurrence.Sericostomatidae";0.276682781703235;"family";1.17958594850796;1.09013799518888;1.09517494966415;1.09548167498147;1.0312624566438;1.02346184802772;0.294838599793305;0.820055746454999;0.931404412043861;0.0758299583275187;0.0715598544985924;0.071299826547503;0.125741996207886;0.132355001920561;0.750049074282174;0.304793561255732;0.210397162477241;1.10533968413462;1.10969394924327;1.10772870439104;1.08151635634367;1.09921202454638;0.999329662726929;1.06183076982575;1.04893168847728;0.0629426490432976;0.059251298604477;0.0609173449444791;0.0831389966015908;0.0681374036908825;0.152813185007023;0.0998275529063037;0.110762814863932;0.992427968897281;0.992766786731575;0.993895195800553;0.975186104440201;0.962833202551303;0.703107465773545;0.886133633665669;0.942929615345303;"RF-chGLM";0.093561886402546;NA;NA
"Occurrence.Tipulidae";0.274823354406843;"family";1.1759949175073;1.14082659168989;1.14717907835263;1.14574061011912;1.12128280222307;1.10234727356696;0.399376181126851;1.10342657239516;1.09376896859418;0.0299051682059568;0.0245033704871341;0.0257265630469753;0.0465241086247167;0.0626258182275545;0.660392936073746;0.0617080431486494;0.069920326770973;1.15405137719565;1.16215001924666;1.15916307074912;1.16266427792414;1.15879601020931;1.1909014681051;1.16522397054609;1.16251972506218;0.0186595536978697;0.0117729235513916;0.0143128567203771;0.0113356268676884;0.0146249843787143;-0.0126756930458531;0.00915900808826743;0.0114585464992323;0.993409421009211;0.992542475912866;0.99331123969593;0.979521846763828;0.972170218129599;0.673166457417993;0.969573786822384;0.966208742823767;"iGLM-RF";0.0313352467437228;NA;NA
"Occurrence.Polycentropodidae";0.256972852361473;"family";1.13973348306801;1.08207624937465;1.0904639778119;1.08870190168073;1.00900034046587;0.970181924660291;0.28625833037527;0.897232936990843;0.939452137750574;0.0505883476706747;0.0432289706216977;0.0447750128827517;0.114705011780672;0.148764216307225;0.748837482948469;0.212769519962146;0.175726473156078;1.09789633359378;1.11006513270352;1.11086475602035;1.06716244811279;1.07259031245194;0.977245057330031;1.05389718692307;1.05615932548009;0.0367078357315697;0.0260309544338587;0.0253293664497284;0.0636736886590983;0.0589112907653838;0.14256703707658;0.075312603709663;0.0733278076230099;0.992121159949458;0.990247291703917;0.988979745674933;0.97133773063887;0.950084649238226;0.707871029590368;0.924657273774091;0.943316337589577;"RF-hGLM";0.117237670626852;NA;NA
"Occurrence.Odontoceridae";0.246931944960952;"family";1.11787874294149;1.00581413734249;1.0154030342166;1.01045138848278;0.935861632061403;0.956636809979321;0.264605800111089;0.865353602878835;0.862949188781998;0.100247550377535;0.0916697892074092;0.0960992908551347;0.162823662252617;0.144239197659211;0.763296509767394;0.225896718814225;0.228047590822499;1.02482681208635;1.03303971793861;1.03317557688359;0.982546212838223;1.05433753932625;0.95518251408822;0.994859709486858;0.991214398341941;0.0832397354746128;0.075892869006207;0.0757713361961048;0.121061904931802;0.056840872962696;0.145540140091727;0.110046849205602;0.113307767411565;0.990538705010825;0.991220425676759;0.988702210615689;0.976928033460957;0.952323620293314;0.708016162620777;0.937298897666193;0.937880623830743;"RF-SVM";0.088699267129031;NA;NA
"Occurrence.Dugesiidae";0.223131275567125;"family";1.06168527830838;0.992185143626401;0.997061722134258;0.99764160433304;0.949170361366523;0.957978820986001;0.27537158520938;0.923904835212552;0.91919847188445;0.0654620875903268;0.0608688445573003;0.0603226542590738;0.105977655752311;0.0976809789503933;0.740627857581168;0.129775222385453;0.134208139959295;1.00377449978677;1.00406054493955;1.00994302554843;1.00175547392987;1.04435412802297;0.96454343420364;0.983068009498506;0.989681202251934;0.054546087908354;0.0542766623463532;0.0487359614163644;0.0564478057697131;0.0163241881935344;0.0914977781923509;0.0740495045152569;0.0678205467548513;0.994222078684532;0.996506704401453;0.993868166290855;0.974050083450033;0.957731651489102;0.708513670890394;0.970851665396254;0.965372380853297;"RF-SVM";0.0751735899988165;NA;NA
"Occurrence.Lymnaeidae";0.216065451840833;"family";1.04376566858319;0.926285803204061;0.93018343658853;0.931507087119682;0.887815532468794;0.91988558995328;0.272336373716581;0.788983642715471;0.839934220326048;0.11255387000666;0.108819666533806;0.107551517397468;0.149411061130302;0.118685718795544;0.739082840225764;0.244098875386042;0.195284683518879;0.935438611790065;0.938111308795298;0.941454762397703;0.928180012186659;1.00774548913716;0.894340993575031;0.922798585950838;0.921814958757246;0.10378484371896;0.101224214369213;0.0980209536153468;0.110739086248569;0.034509833509777;0.143159216197431;0.115894866322391;0.116837249486734;0.995434051489081;0.996043909920862;0.995038511408883;0.980020058314686;0.957020994836232;0.732712183354092;0.935281737439367;0.959886367018237;"RF-SVM";0.108649382687654;NA;NA
"Occurrence.Erpobdellidae";0.209743399033098;"family";1.02723298994066;0.777436475762765;0.78173207743825;0.782702160014339;0.744393618119614;0.760877612867358;0.209975940592773;0.689795398999201;0.690508370393306;0.243174154864641;0.238992433952686;0.238048069251017;0.275341012789501;0.259294025485583;0.795590734868336;0.328491777664728;0.327797707866458;0.796778861998609;0.797489288789896;0.797110337507423;0.799790204350089;0.868885351633061;0.767752475867291;0.80159953994592;0.801764607948356;0.224344554934287;0.223652962278829;0.224021867177897;0.221413046327214;0.154149681579785;0.252601422086689;0.2196516780558;0.219490986173772;0.990375422473078;0.9921523491908;0.992821798498819;0.972681787327445;0.947428440531345;0.756624437928485;0.945631736624493;0.945890829530226;"RF-SVM";0.0984517405069041;NA;NA
"Occurrence.Scirtidae";0.198214949795463;"family";0.995835677331573;0.869502694665783;0.876930213573558;0.875084497696641;0.832340781829696;0.858859692581247;0.241577545582749;0.809986186343002;0.786626972829495;0.126861273944623;0.119402695107924;0.12125612928279;0.164178588118048;0.137548782262315;0.757412240712166;0.186626664638659;0.210083560234225;0.890035859538988;0.899707150491199;0.887189804194441;0.883718896735541;0.92931544951876;0.890640836791403;0.888883823562422;0.883055077987677;0.106242244780871;0.0965305110356747;0.109100201579701;0.112585623459945;0.066798397895383;0.105634737672834;0.10739909826864;0.113252218123076;0.989785939028541;0.988676134671957;0.993965627156529;0.974638098950026;0.965385400643249;0.722865831761815;0.961319154382349;0.952929788166187;"ANN-SVM";0.0464538202276926;NA;NA
"Occurrence.Ephemerellidae";0.197471178876906;"family";0.993753370585415;0.801125963808119;0.808281378244038;0.811617320422978;0.743845971337695;0.696231265244711;0.188522893291843;0.639537464285731;0.67512400207905;0.19383824244422;0.186637849823963;0.183280938262521;0.251478290937017;0.299392298076368;0.810292071582323;0.356442470319389;0.320632239283538;0.814948431055298;0.81576898777435;0.825671351451649;0.806225111504338;0.794391420273868;0.750898055069416;0.786834505672089;0.796579565177338;0.179928888618294;0.179103173965805;0.16913856506947;0.188707042040627;0.200615118612482;0.244381878546922;0.208219535186514;0.198413219259748;0.99311259402709;0.996263194534509;0.992997616229532;0.969291806929692;0.952104884453016;0.754886719876586;0.928998160094208;0.941079384082892;"RF-hGLM";0.0752433134774525;NA;NA
"Occurrence.Asellidae";0.188174042394942;"family";0.967128897507618;0.730637856270253;0.739036361720355;0.741842673087644;0.693511990706904;0.723555167219824;0.197782929183524;0.666242211335925;0.659380198488159;0.244528978346966;0.23584502166679;0.232943328444179;0.282916690325199;0.251852396216788;0.795494758048044;0.311113324136117;0.318208565386223;0.755194280949287;0.752629803733048;0.752062916228787;0.745899878005439;0.834098032315039;0.721547654322535;0.738970109602208;0.765943502690923;0.219137921640545;0.221789561171582;0.222375716239144;0.228748225880032;0.137552363015325;0.253928141138134;0.235913525584228;0.208023351732296;0.987796857354954;0.99322632446111;0.994902912888653;0.974146141829064;0.946228275941791;0.769601552331815;0.964289277364397;0.948112936871843;"RF-SVM";0.116375778122809;NA;NA
"Occurrence.Ephemeridae";0.178133134994422;"family";0.93710166506216;0.80013783251861;0.811450457323906;0.808680044012263;0.748094248354729;0.767933716481491;0.195997119825909;0.731923513459963;0.680692882773587;0.146156855387152;0.134084926345659;0.13704129000921;0.201693608873156;0.180522514138791;0.790847538604141;0.21894972472233;0.27361895923167;0.820391511657724;0.816605049424597;0.819359534108926;0.802549416057748;0.862883451395231;0.753033370803038;0.813345691295189;0.804167019105359;0.124543747765824;0.128584357631646;0.125644991726083;0.143583406177692;0.0791997458056014;0.196422972150959;0.132062484126268;0.141857229490659;0.989924264218176;0.997426022325695;0.994674486048848;0.973139745429504;0.953634440090146;0.756904548360835;0.96010647528278;0.940130044413745;"RF-SVM";0.117223226345358;NA;NA
"Occurrence.Chloroperlidae";0.185570844179993;"family";0.959473050927388;0.729339646939804;0.734724795829417;0.736544590021546;0.672802527335098;0.770344389995659;0.199213926453117;0.580136349281491;0.636404190172454;0.23985395292254;0.234241342037422;0.232344682000571;0.298779130185268;0.197117220487771;0.792371524910924;0.395359412418353;0.336714887867532;0.770541488505952;0.774528282348672;0.766395609667926;0.735314762846387;0.848262282216383;0.721076710856829;0.708598818235343;0.725712812295654;0.196911796781392;0.19275660572223;0.201232792388323;0.233626455546968;0.115908173349437;0.248465905155058;0.261470848451199;0.243633980554003;0.979609828494686;0.980294989165076;0.985185323498777;0.969227304962391;0.961790193564328;0.770333768705835;0.93778812551065;0.956328016715542;"BCT-SVM";0.145562675101762;NA;NA
"Occurrence.Stratiomyidae";0.172182967645965;"family";0.918661513424507;0.866322738910094;0.873402808197283;0.873092231598942;0.827962480091036;0.855844576405304;0.278044857834672;0.769743338676613;0.812497061026012;0.0569728607866781;0.0492659206528773;0.0496039957695581;0.0987295451132713;0.0683787620372155;0.697336991077159;0.162103421741018;0.115564275684897;0.890940235859082;0.884019595826669;0.88221036201782;0.871293789404878;0.896390397471776;0.895115937668013;0.878323061418587;0.855729286743349;0.0301757254008473;0.037709120379609;0.0396785441362489;0.0515616724195357;0.0242430053151035;0.0256303060620475;0.0439100271606567;0.0685042594704603;0.987766694317322;0.994705670809893;0.995451311552918;0.978567359801483;0.979931203263502;0.734521846890052;0.947157522330085;0.978615840989112;"ANN-SVM";0.0442612541553568;NA;NA
"Occurrence.Dytiscidae";0.164373373001116;"family";0.8937025840299;0.855503827710266;0.860462048578337;0.861230691727451;0.801850239537667;0.792160619824158;0.230996507993876;0.790459694996024;0.778196784805177;0.0427421348021476;0.0371941807549375;0.0363341148193009;0.102777306604677;0.113619414355799;0.741528656040959;0.115522648002573;0.129244114640334;0.869716179706662;0.880353523316384;0.875753894108607;0.846934443110319;0.880956229397275;0.831133653780599;0.853495278876666;0.882636699789811;0.0268393588111579;0.0149368044269512;0.0200835157490072;0.0523307661355224;0.0142624121943882;0.0700109089616407;0.0449895814018239;0.0123820658436386;0.992919013168926;0.990103557915539;0.992764700532633;0.977710072986217;0.956573352316543;0.740767422374584;0.968973716377838;0.949120077809152;"RF-ANN";0.0576288431180021;NA;NA
"Occurrence.Hydroptilidae";0.156563778356266;"family";0.867855311158231;0.729899321043261;0.738199252058562;0.736781222370458;0.705582121237126;0.779134542157606;0.219080195021009;0.692265701574792;0.683113115214125;0.158961970205442;0.149398243500557;0.1510321906227;0.186981848050842;0.102229908442017;0.747561382405292;0.202325903092186;0.212872115396229;0.745249528800234;0.747669296539245;0.742363241100296;0.749500651264697;0.835619679250891;0.791700073496989;0.7485438965626;0.757185440812643;0.141274450685067;0.138486235059836;0.144600221309304;0.136376027630204;0.0371440163963716;0.0877510763396789;0.137478463358597;0.127521107404285;0.992354274522479;0.995276170304848;0.997212881880709;0.978280084465327;0.97215252457345;0.75102980626446;0.972253119422827;0.963641286752536;"hGLM-SVM";0.107456204912932;NA;NA
"Occurrence.Hydrobiidae";0.137597619933061;"family";0.801156770193558;0.604334669244214;0.609710547601667;0.610891050456121;0.567600590556779;0.656781811754714;0.172818859297431;0.546139850817789;0.552326059702554;0.245672393059591;0.238962247732911;0.237488749787971;0.291523692148732;0.180208123815721;0.784288336906049;0.318310883541754;0.310589287575873;0.621714182202576;0.625998540738954;0.622660192025701;0.624449044246009;0.710653177229315;0.60658915289127;0.625665595313745;0.636612462901932;0.223979369165949;0.21863165359295;0.222798564286904;0.220565727610162;0.112966146366557;0.242858357491357;0.219047234460011;0.205383407359677;0.991347890328535;0.991889075929742;0.994132709389786;0.971975941039883;0.973423847468309;0.805022423399454;0.96101729600672;0.958732478717171;"RF-SVM";0.1298922111248;NA;NA
"Occurrence.Perlidae";0.143175901822239;"family";0.821374086085994;0.610205080538071;0.618901703345079;0.618701226079303;0.550062327212131;0.55126014332498;0.157743509730035;0.401812736418748;0.512845480653536;0.257092364033767;0.246504468756416;0.246748544226013;0.330314485774339;0.328856178124829;0.807951684375978;0.510804220360222;0.375624956592746;0.635139746283828;0.63460854585923;0.635346882431341;0.607778658883832;0.669813483932378;0.620697967342634;0.604956613413342;0.625145182569463;0.226735105181622;0.22738182685643;0.226482922709564;0.260046464601757;0.184520798404819;0.244317567528361;0.263482226112006;0.238903207248233;0.987610062350381;0.992177336285665;0.991711710671686;0.971554254280304;0.942445986266082;0.793360761069001;0.903416186601611;0.945397456560748;"BCT-SVM";0.0789614277071869;NA;NA
"Occurrence.Planorbidae";0.13015991074749;"family";0.773381154033002;0.60766095516254;0.616265760719623;0.618408663416179;0.575433822326924;0.63267430320206;0.169999377210089;0.530774628137012;0.546249337855875;0.214280110145263;0.203153894420699;0.200383070894187;0.255950549963403;0.181937263530652;0.780186811737547;0.313695937159645;0.293686773969973;0.627742683097676;0.635474545301361;0.625306862400178;0.627361021465907;0.733965137437791;0.629640315440982;0.632384482084788;0.616723344845338;0.188313964176467;0.178316484714542;0.191463537559263;0.188807461632126;0.0509658353965134;0.185860280978462;0.182312009043599;0.202562227396841;0.990009377211484;0.990441582580142;0.996556841818966;0.974370556470971;0.95061568282812;0.794676258629006;0.950464062350221;0.965376591516585;"ANN-SVM";0.151596392000328;NA;NA
"Occurrence.Glossosomatidae";0.115284492376348;"family";0.714846343977457;0.615637169275992;0.625104782129085;0.622144104565733;0.57840743386089;0.628084682222844;0.152988405434317;0.527682404285463;0.547124612795569;0.138783915644666;0.125539652828108;0.129681350674499;0.190864668003212;0.121371064544956;0.785984209441321;0.261824014725458;0.23462626981999;0.636560688551301;0.651931689336306;0.644914908347559;0.645837991121881;0.689774375743384;0.635397459854414;0.632836797959927;0.636709028170372;0.109513962106275;0.088011437942159;0.0978272270944198;0.0965359247297936;0.0350732271981287;0.111141205088893;0.114723320205043;0.109306449512386;0.989592774230616;0.986676105883967;0.988679166519111;0.966846747381917;0.969626002021495;0.785680916828259;0.948781075330428;0.956196151400978;"BCT-SVM";0.0796500930069144;NA;NA
"Occurrence.Blephariceridae";0.12235031610264;"family";0.743163645502999;0.446157405947173;0.45520855425383;0.455178084078412;0.408421184409578;0.528696045433748;0.133524842839174;0.3963054823829;0.422964159037566;0.399651195740074;0.387471982774764;0.387512983401749;0.450429004592731;0.288587313665071;0.820329151395989;0.466731876914315;0.430859997529495;0.470131367656363;0.475584706986018;0.469259477123749;0.461094375485815;0.576864267986674;0.469055622534174;0.452611648876748;0.497692522907795;0.367391865168322;0.360053859114536;0.368565079894162;0.379552029655957;0.223772218302966;0.368839386355207;0.39096637515092;0.330305611799755;0.98808457679497;0.989863646283464;0.992984031113799;0.974007187953168;0.97620359657404;0.845552186543501;0.972239521825912;0.963325245806953;"BCT-SVM";0.167194156847954;NA;NA
"Occurrence.Glossiphoniidae";0.11230940870212;"family";0.702633278087749;0.559827609357966;0.565796889662086;0.57001546815046;0.522456726021325;0.552533120804772;0.153460375617353;0.509375986470892;0.494562090457335;0.20324353141718;0.194747947034433;0.188743992169308;0.256430427771345;0.21362517541367;0.781592502941217;0.275047165632143;0.296130562157105;0.586680956417909;0.583867559192839;0.589004176926865;0.57717905374927;0.643988650294147;0.565492533730446;0.580302515584696;0.591174653412051;0.165025377086338;0.169029453341773;0.161718928927094;0.178548651552499;0.0834640624383835;0.195181111732337;0.174103285907526;0.158629868740403;0.986663062184724;0.991005361212294;0.990550574691125;0.973009762091963;0.955301993676389;0.81381999072007;0.965158189092508;0.952841904554466;"RF-SVM";0.111717049293954;NA;NA
"Occurrence.Capniidae";0.105987355894385;"family";0.676085621104913;0.47096695241295;0.482415364457858;0.484506572578723;0.406956579188944;0.444029402581845;0.115140878634527;0.309218691510039;0.382669185379288;0.303391556171157;0.286458180149645;0.283365068780928;0.39806946563386;0.343234956164018;0.829694827045199;0.542633829418397;0.433993012964986;0.509067924230302;0.498913992121176;0.509558464772405;0.469893198278567;0.578476285794016;0.462903470237547;0.45955208092289;0.461186148799898;0.247036309693523;0.262055017076371;0.246310749902292;0.304979748703087;0.14437422164278;0.315318273621863;0.320275322270789;0.317858368225328;0.981129827761536;0.991784618387738;0.987552177037048;0.9690216647048;0.934986263162596;0.840396650348576;0.927588849289407;0.961502146304038;"BCT-SVM";0.17590110062801;NA;NA
"Occurrence.Goeridae";0.0899962811454072;"family";0.605058437882366;0.557228531227472;0.566552592520504;0.564581634097115;0.532365333252596;0.532654399831861;0.132638901932688;0.517754783126573;0.505363707673562;0.0790500613829857;0.0636398783175854;0.0668973461917422;0.12014228722136;0.119664537369169;0.780783320042757;0.144289624422635;0.16476876276236;0.581081305901195;0.585181584991881;0.585181365075201;0.596773340961074;0.596972748827192;0.572282614303284;0.583928978110059;0.584825910625704;0.0396277953995466;0.0328511291571309;0.0328514926206676;0.0136930524434783;0.0133634844982458;0.0541696826736164;0.0349213537889953;0.0334389638916092;0.988144450129245;0.990728749310059;0.989752996479445;0.968309023155674;0.968352432799152;0.802661774457328;0.967454293077081;0.961047828753052;"RF-SVM";0.0408061981753706;NA;NA
"Occurrence.Philopotamidae";0.0948307921160283;"family";0.627148558480499;0.443062206442832;0.449169656255991;0.45107503585264;0.408315045802633;0.490646315219361;0.122934908213764;0.394317012122752;0.405778403474223;0.29352910016039;0.283790658238501;0.280752495157547;0.348934091801266;0.217655356797543;0.803978010391;0.371254215941862;0.352978815007767;0.460613184919522;0.457977190079494;0.461757393030805;0.469413872726704;0.532418478770885;0.467185568717519;0.455097245095717;0.456914420501316;0.265543739691392;0.269746882319057;0.263719278651322;0.251510879871853;0.151048867813924;0.255063951913641;0.274339007972275;0.271441488108716;0.991262902981758;0.995605915451584;0.99467306014346;0.969912504148376;0.979330521809124;0.841873654319141;0.970067020583512;0.974756084999079;"BCT-SVM";0.12329014015835;NA;NA
"Occurrence.Dixidae";0.092599479360357;"family";0.617022337572615;0.464376375179118;0.468568828142507;0.467628551158336;0.424816989561956;0.524245922484718;0.139032059477624;0.416644085996141;0.429213482702877;0.247391306762103;0.240596653298045;0.24212054785893;0.31150468355295;0.150361517628166;0.774672566921029;0.324750401038588;0.304379344852545;0.475879932119308;0.474723575454532;0.476491625488029;0.464870847698416;0.568617714076877;0.482497355124987;0.458025362541793;0.475310720813244;0.228747643089495;0.23062173515126;0.227756279679336;0.246589921643303;0.0784487376683363;0.218022872521688;0.25768430954432;0.229670156378567;0.994264731338935;0.996927356604793;0.995578267607224;0.980172277825207;0.978058401205555;0.842204308226694;0.979521944302371;0.977214971349664;"BCT-SVM";0.179235571875984;NA;NA
"Occurrence.Gyrinidae";0.0829304574191149;"family";0.571737729719057;0.440876187606953;0.450160515282058;0.447414446125638;0.406888450398524;0.426811758258948;0.106391613684783;0.352015527603901;0.367909081286739;0.228883866342715;0.212645078534069;0.217448100992932;0.288330244361409;0.253483308738998;0.813915352871566;0.384305933811862;0.35650725470309;0.455880699589521;0.461717297993261;0.455311828996358;0.452114106402765;0.530088758190163;0.419616524251486;0.444453130897764;0.46088654667397;0.202640168922324;0.192431644803043;0.203635154146481;0.209228142727389;0.0728462883660998;0.266068159507894;0.222627600392646;0.193884673484042;0.992525815687023;0.994238271437565;0.996059094395347;0.977640925697903;0.949672111298606;0.855035359052659;0.954833020295747;0.95457531600193;"RF-SVM";0.193221871141794;NA;NA
"Occurrence.Leptoceridae";0.079583488285608;"family";0.55550185039821;0.412046706019858;0.420336731750265;0.420638514612577;0.376725774070019;0.381183238054972;0.098336475086913;0.304720519757942;0.322899172682016;0.258244224165081;0.243320735207368;0.24277747353849;0.321828048277492;0.313803837409863;0.822977232179477;0.451450036503922;0.418725297763551;0.433858491168958;0.433325331923254;0.432391137152186;0.432487387744719;0.495676982989698;0.413863861185715;0.42399187306633;0.438148786463727;0.218979215176426;0.219938994599881;0.221620707757811;0.221447439941574;0.107695172150421;0.254973028642411;0.236740844765158;0.211255937042081;0.989153361071618;0.993526742303805;0.994140920477706;0.97250427575365;0.944360903880216;0.854051576448508;0.942107702898586;0.944004064821569;"RF-SVM";0.147277856491991;NA;NA
"Occurrence.Caenidae";0.0758646336928226;"family";0.53710263645511;0.410794771365103;0.421201364040659;0.419286036906347;0.359521270194855;0.345668150109007;0.0852252333154384;0.336638316314963;0.323925218513638;0.235165230101348;0.21578980356418;0.219355839186259;0.330628364500864;0.356420678940575;0.841324120324698;0.373232798601056;0.396902572194484;0.427338141125951;0.431467059269774;0.423294535816961;0.421832048780989;0.455846767722138;0.393707150221961;0.423478134215972;0.44168220446356;0.204364097062726;0.196676705745726;0.211892649399908;0.214615568515748;0.151285551806751;0.266979672971934;0.211550818273882;0.177657724082919;0.99176243137385;0.994880302938211;0.997997757711454;0.969324938655871;0.946400622268988;0.857065478956277;0.957509238939889;0.942821321611427;"RF-SVM";0.115694121165182;NA;NA
"Occurrence.Calopterygidae";0.0769802900706582;"family";0.542663038656323;0.439901145466806;0.445784862446725;0.447050804506903;0.410337477721288;0.442081222297535;0.114171291824376;0.39501398342678;0.395950761445068;0.18936593404991;0.178523631256472;0.176190798596055;0.243844801486173;0.185348566594542;0.789609235029029;0.272082387617801;0.270356126657394;0.451270495834333;0.448569273899503;0.457378813039714;0.45339671002169;0.537332892438826;0.456388119378638;0.456514692436352;0.454569012269163;0.168414902640662;0.173392617617377;0.157158714600832;0.164496791334201;0.00982220243098785;0.15898432937557;0.158751085080866;0.162336514764832;0.994331452008455;0.998608762942422;0.994849306281861;0.978700491699162;0.953490483041011;0.842730204954285;0.96971762849833;0.971116221360535;"chGLM-SVM";0.163570415186389;NA;NA
"Occurrence.Tabanidae";0.074748977314987;"family";0.531506725909808;0.488035007303925;0.49563609571932;0.49796744886685;0.451279630076643;0.470788089440471;0.126294972192886;0.44179185678293;0.446210140626688;0.081789592655615;0.0674885724711884;0.0631022626958229;0.150942766896949;0.114238698231714;0.762383115704322;0.168793478527122;0.160480726066285;0.500966781086787;0.502177500833047;0.508765126402401;0.491268226851044;0.527953264993845;0.519584212737665;0.494661413419675;0.504337770792921;0.0574591878790318;0.055181286796619;0.0427870399353439;0.0757064719922128;0.00668563678075716;0.0224315377227534;0.0693223823782531;0.0511168604129704;0.99355497197398;0.996734640364122;0.994615708770533;0.980204262035989;0.971822030210961;0.821482519678417;0.973911561913959;0.971354475422123;"GAM-SVM";0.0690208352114556;NA;NA
"Occurrence.Pediciidae";0.0650799553737449;"family";0.481444445479195;0.420002219191278;0.430878823732749;0.428589799974334;0.351211205991923;0.343475928131329;0.0793431997425411;0.26175106382665;0.326040940611544;0.127620594369433;0.105028985631179;0.109783477618593;0.270505227986683;0.286572040955923;0.835197600704338;0.456321354863443;0.322785954489461;0.433028087458764;0.437430382367755;0.43862958002677;0.391456620036686;0.429195105627462;0.390415702588927;0.373471332062786;0.430017030400799;0.10056478680991;0.0914208555623308;0.0889300226733528;0.186912168761115;0.108526207628645;0.189074240538106;0.224269101929176;0.106819001779549;0.993508229052035;0.996729580193776;0.994992688565202;0.980078403425342;0.958045901047758;0.855956046741604;0.945671393804508;0.949340216237367;"BCT-hGLM";0.135339079255823;NA;NA
"Occurrence.Cordulegastridae";0.0661956117515805;"family";0.487370197776341;0.415808143807339;0.428539990982104;0.42630966795754;0.391652204641065;0.440065360323896;0.115837697351314;0.379942356180812;0.384307821636111;0.146833052770785;0.120709487495652;0.125285727558626;0.196396894130982;0.0970614076697274;0.762320925900206;0.220423493446409;0.211466307563448;0.43133300622147;0.435612261796649;0.439216973400011;0.42988767497507;0.480366192944235;0.439444672976443;0.427405894273347;0.435906601647345;0.114978699581025;0.106198401576135;0.0988021520315191;0.117944271240915;0.0143710158398308;0.0983349515800537;0.123036459300516;0.105594466719143;0.992267618658449;0.996470109356592;0.993567127368962;0.981063849726809;0.980051246527057;0.850608343023459;0.97654761492892;0.974530570572665;"BCT-SVM";0.108665443460686;NA;NA
"Occurrence.Anthomyiidae";0.065823726292302;"family";0.48539945313509;0.465587903888423;0.474835733930318;0.471228477891636;0.444769478752212;0.455953768954654;0.128303890699833;0.436663677216153;0.41512144845476;0.0408149393632576;0.0217629400621361;0.0291944606693053;0.0837042030444379;0.0606627881227579;0.735673598577118;0.100403442163281;0.144783856319614;0.48396563203139;0.483704510211667;0.484603845063632;0.490131836442342;0.488897234164909;0.496703851565443;0.480647009163256;0.499512452381124;0.00295389929765985;0.00349185173670112;0.00163907904370254;-0.00974946155519097;-0.00720598469410467;-0.0232888569555238;0.00979078971173052;-0.0290750209026427;0.990853224525857;0.995575429241694;0.993334629201878;0.977574105400172;0.983663184593341;0.831769449578908;0.978248387765175;0.958682337971242;"BCT-ANN";0.0388658106143732;NA;NA
"Occurrence.group.Hemiptera";0.0661956117515805;"group";0.487370197776341;0.449286011415234;0.453039488385395;0.454370511921633;0.424684542096173;0.430127305474044;0.109011410696818;0.410161886239111;0.39277469317967;0.0781422141420798;0.0704407235969327;0.0677096917400182;0.128620206910834;0.117452590584059;0.776327294540804;0.158418204251096;0.194093740298995;0.453392462193852;0.455661673266013;0.456411300122731;0.467740375937874;0.483073449563659;0.459090024947266;0.471679796612438;0.475476327176715;0.0697164819217811;0.0650604502593713;0.0635223446055201;0.0402770254070286;0.00881618989483954;0.0580260610068169;0.0321940102933892;0.0244041811622709;0.997948881036039;0.998689766665888;0.998980126324483;0.978702154737176;0.973874267925103;0.839424024775465;0.969709288301362;0.959492464630747;"iGLM-SVM";0.0609002920269415;NA;NA
"Occurrence.Lepidostomatidae";0.0602454444031238;"family";0.455284676109605;0.369035034797242;0.376042018649115;0.377355916958988;0.320287786285102;0.327602706330472;0.0825866929314936;0.279922203920722;0.284119103054521;0.189441125164509;0.174050789799509;0.171164906793078;0.296510945586941;0.280444250551484;0.818604277136682;0.385171039990519;0.375952853317378;0.389062559497235;0.392748546948558;0.38897266883632;0.370788792166307;0.405143715808542;0.34704069096596;0.370464202474762;0.36930070758972;0.145452109608073;0.137356103647979;0.145649547970556;0.185589123414635;0.11013100798717;0.23775011728615;0.186302061294115;0.188857594010446;0.990036208430601;0.99168152741947;0.994208460064473;0.975065624626004;0.961971451705062;0.876142089111313;0.955738442308038;0.958303445444302;"RF-SVM";0.12761910929898;NA;NA
"Occurrence.Physidae";0.0565265898103384;"family";0.434602731747836;0.353608902067011;0.365310699190285;0.364865805597094;0.330834788895833;0.381843790451804;0.0881682804647753;0.318115075948444;0.32387868352888;0.186362909766105;0.159437636940017;0.160461315717649;0.238765049714899;0.121395788479864;0.797129023763403;0.268032497934181;0.254770713873929;0.371090866418409;0.383302362974264;0.378906409880833;0.381570660815148;0.443705811511026;0.385469756214069;0.376463021618378;0.414416165279005;0.146137749926243;0.118039683200466;0.128154560011645;0.122024246647989;-0.020945749067385;0.113052615514333;0.133776678981373;0.0464483193367114;0.991297109143024;0.991044509544834;0.993004282614764;0.974951126448993;0.969542458989553;0.861870080914122;0.971247479090207;0.955740600752044;"iGLM-SVM";0.167083498993628;NA;NA
"Occurrence.Sialidae";0.0524358497582744;"family";0.411251871797919;0.37140455646228;0.37842637733756;0.379490103895779;0.349540143383538;0.37299731775299;0.0923806557729857;0.340590225008553;0.34472507018202;0.0968927269836696;0.0798184682220458;0.0772319108561946;0.150058231089838;0.093019768828495;0.775367208982869;0.171820851490466;0.161766562484095;0.400397202026449;0.392084908718948;0.393058264826276;0.408696726804618;0.413343008966223;0.42062313349691;0.399664650842028;0.400325567295017;0.0263942136579582;0.0466063850242831;0.0442395724355079;0.00621309024595948;-0.00508480887676527;-0.022787158774553;0.0281754850263267;0.0265684006619443;0.985608243022007;0.99319400074988;0.993238879458634;0.970854864777595;0.980029264913633;0.848639127600893;0.970894747143552;0.97258262218191;"chGLM-RF";0.0693935437988361;NA;NA
